customer_id,age,gender,region,income_bracket,signup_channel,tenure_months,churned
1,33,Male,Luzon,Mid,App,39,False
2,35,Male,Mindanao,Low,Web,15,False
3,33,Female,Luzon,Mid,App,33,False
4,46,Male,NCR,Low,Web,15,False
5,46,Female,NCR,Mid,Web,34,False
6,46,Male,Luzon,Mid,App,41,False
7,35,Female,NCR,Low,App,26,False
8,26,Female,Mindanao,Low,App,34,True
9,54,Female,Mindanao,,Web,39,False
10,43,Male,Mindanao,Mid,App,36,False
11,30,Female,NCR,High,Web,46,False
12,49,Female,Visayas,Low,Store,21,True
13,29,Male,Luzon,Mid,Web,38,False
14,49,Male,NCR,Mid,Store,28,False
15,49,Female,NCR,Mid,Web,27,False
16,25,Male,NCR,Mid,Web,29,True
17,40,Male,NCR,High,App,36,False
18,42,Female,Mindanao,Mid,App,28,False
19,61,Female,Visayas,High,Store,30,False
20,27,Female,NCR,,App,29,False
21,49,Female,Luzon,High,Web,14,False
22,35,Male,NCR,High,Web,34,False
23,22,Male,NCR,High,App,19,True
24,33,Female,NCR,Low,Web,29,False
25,35,Female,Luzon,High,Store,25,False
26,24,Male,Luzon,Low,App,30,False
27,38,Male,Visayas,Mid,App,34,False
28,44,Male,Visayas,Low,Store,44,False
29,37,Male,NCR,Mid,Web,23,False
30,29,Male,Visayas,Mid,Web,26,False
31,33,Female,NCR,Low,Store,32,False
32,34,Female,NCR,Low,Web,24,False
33,37,Female,Luzon,Low,App,37,False
34,46,Male,NCR,Mid,Store,16,True
35,37,Male,NCR,High,Web,27,False
36,20,Female,NCR,,Store,36,False
37,29,Female,NCR,Mid,Web,34,False
38,36,Female,Mindanao,High,App,32,False
39,46,Male,NCR,Low,Web,27,False
40,47,Male,Luzon,Mid,App,31,True
41,52,Female,Mindanao,Mid,Web,38,False
42,36,Female,Luzon,Low,Web,40,False
43,42,Female,Luzon,Mid,Web,26,False
44,20,Male,Mindanao,Mid,Web,29,False
45,39,Male,NCR,Mid,App,10,False
46,24,Male,NCR,Mid,Web,25,False
47,34,Male,Luzon,Low,Web,22,False
48,65,Male,Luzon,Mid,Web,45,False
49,38,Female,Visayas,Low,Web,35,False
50,26,Male,NCR,High,Web,24,True
51,39,Female,Luzon,Low,Web,42,False
52,29,Male,Visayas,Mid,App,36,False
53,25,Female,Mindanao,Mid,App,31,False
54,56,Male,NCR,Low,App,33,False
55,45,Male,NCR,Low,Web,19,False
56,38,Female,Mindanao,Low,Store,8,False
57,31,Female,Luzon,Mid,App,44,False
58,31,Male,NCR,High,App,27,False
59,50,Female,NCR,Low,Web,36,False
60,38,Male,Visayas,Mid,Web,29,True
61,18,Female,Luzon,High,App,20,False
62,59,Female,Luzon,Mid,Web,36,False
63,36,Female,Visayas,High,App,25,False
64,38,Male,NCR,Mid,Web,34,False
65,45,Male,NCR,Mid,Web,39,False
66,39,Female,Luzon,Low,Web,24,False
67,42,Male,Mindanao,Low,Web,31,True
68,30,Female,NCR,Mid,Web,38,False
69,22,Male,Luzon,High,Web,29,False
70,37,Male,NCR,Low,App,24,False
71,49,Male,NCR,High,Web,43,False
72,28,Male,Mindanao,Low,App,41,False
73,27,Male,NCR,Mid,Store,25,True
74,47,Male,NCR,High,Store,39,False
75,30,Male,Visayas,High,App,37,False
76,30,Male,NCR,Mid,Web,30,False
77,31,Female,NCR,Low,App,46,False
78,34,Female,Visayas,Low,Store,40,True
79,19,Female,NCR,Low,App,38,False
80,29,Female,Luzon,Mid,Web,30,False
81,37,Male,NCR,Low,App,21,False
82,37,Female,NCR,Mid,Web,35,False
83,46,Female,Luzon,Low,App,24,False
84,53,Male,NCR,Mid,Web,27,False
85,50,Female,Visayas,Low,Web,22,False
86,44,Female,Mindanao,Mid,App,30,False
87,33,Female,Visayas,Mid,App,36,True
88,28,Male,NCR,High,App,38,True
89,35,Female,NCR,High,Store,19,False
90,40,Female,Mindanao,Mid,Store,41,True
91,43,Female,Luzon,Low,App,31,False
92,41,Female,Visayas,High,Store,25,False
93,33,Female,Visayas,High,Web,29,False
94,42,Male,NCR,High,Web,32,False
95,47,Female,NCR,Mid,Store,29,False
96,43,Male,Luzon,Low,Web,29,False
97,34,Male,Luzon,Mid,Store,28,False
98,26,Male,NCR,Low,Web,33,False
99,26,Female,Luzon,Low,Web,27,False
100,28,Female,Visayas,Low,Web,27,False
101,37,Female,NCR,Mid,App,25,False
102,40,Male,NCR,Low,Store,33,False
103,20,Female,Visayas,Mid,Web,35,False
104,29,Female,Visayas,Mid,Web,20,True
105,37,Female,Mindanao,Mid,Web,33,False
106,26,Female,NCR,Low,Web,35,False
107,39,Male,Mindanao,,App,22,False
108,31,Male,Visayas,Mid,App,22,False
109,27,Female,Visayas,Mid,Web,30,False
110,35,Female,NCR,Mid,Web,37,False
111,38,Male,NCR,Low,App,37,False
112,26,Male,Luzon,Mid,Web,26,True
113,32,Female,NCR,Low,Web,19,True
114,39,Male,NCR,High,App,25,False
115,27,Male,Mindanao,Low,Web,27,False
116,18,Female,NCR,High,Web,37,False
117,19,Male,Mindanao,Mid,Web,32,True
118,30,Male,Luzon,Low,App,27,False
119,21,Female,Visayas,Mid,Web,25,True
120,31,Female,NCR,Low,Store,27,False
121,51,Male,Luzon,High,App,27,False
122,21,Female,Luzon,,App,29,True
123,32,Male,Mindanao,Mid,App,22,True
124,56,Male,NCR,Mid,Web,23,False
125,39,Male,NCR,High,Web,39,False
126,31,Female,Mindanao,Mid,Web,26,False
127,33,Male,NCR,Mid,App,35,True
128,39,Male,Luzon,Low,App,32,False
129,51,Female,NCR,Low,Store,25,False
130,29,Female,NCR,Mid,App,36,False
131,27,Female,Luzon,Mid,Web,29,True
132,21,Female,Luzon,High,Web,45,False
133,36,Male,Luzon,Mid,Web,34,False
134,20,Female,Luzon,Mid,Store,26,False
135,30,Male,Visayas,Mid,Web,32,False
136,25,Female,Mindanao,Mid,Store,24,False
137,45,Female,NCR,,Web,27,True
138,29,Male,NCR,High,App,26,False
139,38,Male,NCR,Low,Web,22,False
140,18,Female,Visayas,Mid,App,26,False
141,36,Female,NCR,High,Web,29,False
142,22,Male,Luzon,Mid,App,41,True
143,30,Male,Luzon,Low,Store,33,False
144,57,Female,Luzon,Mid,App,30,False
145,44,Female,Visayas,Low,Web,34,True
146,33,Male,Luzon,Low,App,46,False
147,66,Female,Luzon,Mid,Web,35,False
148,25,Male,NCR,,Web,33,True
149,46,Male,Luzon,Low,App,19,False
150,19,Male,NCR,High,Store,32,False
151,32,Female,Visayas,Mid,Web,38,False
152,21,Male,NCR,High,App,29,False
153,37,Male,NCR,Mid,App,32,False
154,35,Male,NCR,High,App,23,False
155,31,Male,Luzon,High,Web,37,False
156,45,Male,Mindanao,High,App,36,True
157,29,Female,NCR,Mid,Web,33,False
158,38,Female,NCR,Low,Web,34,False
159,43,Male,Luzon,Low,Web,37,False
160,20,Female,Mindanao,Mid,Store,19,False
161,27,Female,Visayas,Low,Web,25,False
162,35,Male,NCR,High,Web,40,False
163,41,Male,Luzon,Low,Web,37,False
164,49,Female,Visayas,High,Web,34,False
165,32,Male,Visayas,Mid,Store,31,False
166,31,Male,Luzon,High,App,25,False
167,26,Male,Visayas,High,App,27,False
168,38,Female,Luzon,Mid,App,31,False
169,32,Female,NCR,Mid,Web,25,False
170,32,Male,NCR,Low,App,32,False
171,34,Male,NCR,High,Store,20,False
172,40,Female,NCR,High,App,34,False
173,29,Female,NCR,Low,App,51,False
174,27,Male,Visayas,Low,Web,32,True
175,39,Male,Visayas,Mid,Store,19,True
176,18,Male,NCR,Low,Web,33,False
177,28,Male,NCR,High,App,34,True
178,23,Female,Luzon,Low,Web,36,False
179,47,Female,Luzon,High,App,30,False
180,30,Female,NCR,High,Store,26,False
181,29,Female,Visayas,High,App,26,False
182,34,Female,NCR,Mid,Web,30,False
183,29,Female,NCR,Low,App,27,False
184,30,Male,Visayas,High,Store,25,False
185,35,Male,Luzon,Mid,App,28,False
186,30,Female,NCR,High,Store,28,False
187,30,Male,Luzon,Low,Store,32,False
188,24,Female,Mindanao,Low,Store,36,False
189,23,Male,NCR,High,Web,27,False
190,35,Male,Luzon,High,App,42,False
191,38,Male,NCR,Low,Store,22,False
192,20,Male,Luzon,Mid,Store,26,False
193,42,Male,Luzon,Low,Web,35,False
194,42,Male,NCR,Mid,Web,35,False
195,44,Male,NCR,Low,Web,29,True
196,37,Male,Visayas,Low,App,25,False
197,41,Female,NCR,Low,Store,28,False
198,56,Male,Mindanao,Low,App,32,False
199,31,Female,NCR,Mid,Web,28,True
200,24,Male,Visayas,Low,Web,17,False
201,19,Female,Luzon,Mid,Store,30,True
202,52,Female,NCR,Mid,Web,32,False
203,52,Female,Visayas,Mid,Web,26,False
204,25,Female,Visayas,Mid,Web,42,True
205,27,Male,Luzon,Low,Store,28,False
206,31,Female,Luzon,Low,App,25,True
207,47,Male,Luzon,High,Web,29,False
208,22,Female,Luzon,High,Web,41,False
209,18,Male,Luzon,High,Store,31,False
210,56,Male,Visayas,High,Web,40,False
211,38,Female,NCR,Mid,Web,28,False
212,39,Female,Luzon,High,Web,16,True
213,32,Female,Luzon,Mid,Web,31,False
214,39,Female,Mindanao,Mid,Store,33,True
215,19,Female,NCR,High,App,39,False
216,26,Female,NCR,Mid,Web,27,True
217,36,Female,NCR,Mid,Store,37,False
218,18,Male,Luzon,,Web,23,True
219,31,Female,Luzon,Low,Store,32,False
220,31,Female,NCR,Low,Web,14,True
221,31,Female,NCR,High,Web,33,False
222,29,Female,Mindanao,Mid,Store,37,False
223,25,Female,Luzon,Low,Store,36,False
224,18,Female,Luzon,Mid,App,27,False
225,36,Male,NCR,Low,App,35,False
226,31,Female,NCR,Mid,Store,26,True
227,21,Female,NCR,Low,App,25,False
228,35,Female,NCR,Mid,Web,42,False
229,32,Female,Luzon,Mid,App,36,False
230,30,Female,NCR,Mid,App,25,False
231,18,Male,NCR,Mid,App,27,True
232,41,Female,NCR,Low,Store,26,True
233,22,Female,NCR,Mid,App,25,True
234,35,Female,NCR,Low,Web,27,False
235,26,Female,NCR,Mid,Web,24,False
236,31,Female,NCR,Mid,Store,31,True
237,46,Female,Luzon,Mid,Web,20,False
238,40,Male,Mindanao,High,Store,30,False
239,46,Female,Luzon,Low,Web,29,False
240,38,Female,NCR,High,Web,49,False
241,38,Female,Mindanao,Low,Store,37,False
242,18,Male,Mindanao,Mid,Web,28,False
243,31,Female,Luzon,High,Store,37,False
244,32,Male,NCR,Mid,Web,35,False
245,47,Male,Visayas,High,App,17,False
246,29,Male,Mindanao,High,App,35,False
247,37,Female,Visayas,Low,Store,22,False
248,37,Male,Luzon,High,Web,16,False
249,46,Male,Luzon,High,Web,38,False
250,33,Male,Mindanao,Mid,App,23,False
251,43,Female,NCR,Low,Store,42,False
252,18,Male,NCR,Low,Store,27,False
253,18,Female,Visayas,High,Store,30,False
254,18,Male,NCR,High,App,34,False
255,42,Female,NCR,High,App,37,False
256,41,Female,NCR,Low,Store,36,False
257,43,Male,NCR,Low,Store,36,False
258,28,Female,NCR,Mid,Store,33,False
259,29,Male,Luzon,Low,Store,23,False
260,33,Female,Luzon,Low,Store,23,True
261,49,Female,Luzon,Low,Web,28,False
262,51,Male,NCR,Low,Web,26,False
263,42,Male,Mindanao,Low,Store,38,False
264,38,Male,Luzon,Mid,App,41,False
265,48,Male,Mindanao,Low,Web,18,False
266,32,Female,NCR,Mid,App,12,True
267,31,Male,NCR,Mid,App,20,False
268,33,Male,Visayas,High,Store,27,True
269,25,Male,Visayas,Mid,Store,15,False
270,33,Female,NCR,Mid,Web,41,False
271,23,Female,Luzon,,App,31,False
272,45,Female,Luzon,Mid,Web,36,False
273,40,Male,NCR,Mid,Store,33,True
274,49,Female,Luzon,Mid,Web,35,True
275,18,Female,NCR,Mid,App,17,False
276,54,Male,NCR,Mid,App,45,False
277,19,Female,Visayas,Low,App,28,True
278,23,Male,Luzon,Low,App,30,True
279,28,Female,Visayas,Low,App,23,False
280,48,Female,Visayas,Mid,App,31,False
281,37,Female,Mindanao,Mid,Web,41,False
282,32,Male,Luzon,Mid,Web,17,False
283,27,Female,Luzon,Low,App,38,False
284,21,Female,NCR,Low,Web,31,False
285,46,Male,Luzon,Low,App,31,False
286,42,Female,Luzon,Mid,Web,27,False
287,48,Male,Visayas,Low,Store,31,True
288,38,Male,NCR,Low,Web,44,False
289,18,Female,NCR,,App,29,False
290,22,Male,Visayas,Mid,Web,28,True
291,39,Male,Visayas,Low,App,28,False
292,31,Male,NCR,Mid,Web,22,True
293,29,Female,Luzon,Mid,App,32,False
294,23,Male,Luzon,High,Web,31,False
295,44,Male,Visayas,Mid,App,25,False
296,39,Female,NCR,Low,App,35,True
297,40,Male,Luzon,Low,Store,36,False
298,28,Female,NCR,Mid,App,20,False
299,36,Female,NCR,Low,App,36,False
300,21,Female,Visayas,High,Store,14,False
301,33,Female,NCR,Mid,Web,36,False
302,18,Male,NCR,Low,App,39,False
303,19,Male,NCR,Low,Web,27,False
304,31,Male,Luzon,High,App,33,False
305,58,Male,Visayas,High,Web,36,False
306,18,Female,NCR,High,Web,44,False
307,22,Female,Visayas,Low,App,32,False
308,37,Female,Visayas,Mid,App,29,False
309,52,Male,NCR,Low,Web,20,True
310,37,Female,Visayas,Low,App,35,True
311,42,Female,NCR,Mid,Store,25,False
312,31,Female,Luzon,High,Web,29,False
313,29,Female,NCR,Mid,Web,25,False
314,35,Female,NCR,Mid,Store,22,False
315,28,Male,NCR,Low,Store,33,False
316,42,Male,NCR,,Web,34,False
317,18,Female,Visayas,Low,App,22,False
318,43,Male,Luzon,High,Web,31,False
319,35,Male,Mindanao,Low,Store,43,False
320,32,Female,Luzon,Mid,Web,31,False
321,18,Female,Luzon,Low,Web,25,False
322,25,Male,NCR,Mid,Web,39,False
323,46,Male,Luzon,Low,App,30,False
324,32,Female,NCR,,Web,26,False
325,37,Female,Mindanao,Mid,App,19,False
326,26,Male,Mindanao,Mid,App,25,False
327,34,Female,NCR,High,App,29,False
328,21,Male,Luzon,Low,Store,29,True
329,35,Female,Luzon,Mid,Web,25,False
330,38,Male,Luzon,High,Web,25,False
331,38,Female,NCR,Low,Web,16,False
332,25,Female,Luzon,,App,43,False
333,31,Female,Visayas,High,Web,25,True
334,40,Female,NCR,High,App,22,False
335,32,Male,Luzon,Mid,App,29,True
336,32,Male,NCR,Mid,App,23,False
337,54,Male,Mindanao,Mid,App,30,False
338,25,Male,NCR,Mid,Web,27,False
339,45,Male,NCR,High,Web,35,False
340,23,Male,NCR,Low,App,23,False
341,41,Female,Visayas,Mid,Web,34,True
342,42,Male,Visayas,Mid,App,33,False
343,29,Male,NCR,Low,Store,43,False
344,22,Female,NCR,Mid,Web,26,False
345,18,Female,Visayas,Mid,Web,33,False
346,28,Male,Luzon,Mid,Web,30,False
347,40,Female,NCR,High,Web,28,False
348,24,Male,Mindanao,Low,Store,26,False
349,35,Female,NCR,High,Store,34,False
350,20,Male,Luzon,Mid,Web,34,False
351,32,Female,NCR,High,Store,29,False
352,23,Female,Visayas,Low,Web,19,True
353,34,Male,Visayas,Mid,Store,40,False
354,29,Female,NCR,High,Store,26,False
355,23,Male,Luzon,Low,Web,34,False
356,28,Female,Mindanao,Mid,App,33,False
357,25,Male,Visayas,Mid,App,41,False
358,21,Female,Luzon,Mid,Web,27,False
359,45,Female,Luzon,High,Web,24,True
360,31,Female,Mindanao,Mid,App,42,False
361,18,Male,NCR,High,Web,33,False
362,28,Male,NCR,Mid,Web,28,False
363,44,Male,NCR,Mid,Web,22,False
364,27,Female,Visayas,High,App,33,False
365,49,Female,NCR,Mid,Web,30,False
366,26,Female,NCR,Low,App,24,False
367,40,Female,Luzon,Low,Web,41,False
368,45,Male,NCR,Mid,Web,40,True
369,39,Female,NCR,Mid,App,26,True
370,21,Female,Luzon,Mid,Web,28,False
371,25,Female,NCR,Mid,App,29,False
372,46,Female,Mindanao,High,Web,29,False
373,26,Female,NCR,Low,App,31,False
374,44,Female,Visayas,Mid,Web,39,False
375,30,Female,Luzon,Mid,Store,23,False
376,36,Male,NCR,Low,Web,27,False
377,21,Female,NCR,Mid,Store,21,False
378,28,Male,Luzon,Mid,Web,24,False
379,26,Female,NCR,High,Web,32,False
380,37,Female,NCR,Mid,App,33,False
381,35,Female,Mindanao,Low,Web,34,False
382,39,Male,Luzon,Mid,App,42,False
383,30,Male,Mindanao,High,Store,38,False
384,25,Male,NCR,Mid,App,33,False
385,36,Female,NCR,Low,App,36,False
386,24,Male,Luzon,,Store,26,False
387,45,Female,NCR,Low,App,40,True
388,33,Male,NCR,Low,Web,47,False
389,31,Female,NCR,Mid,Store,18,False
390,39,Female,NCR,Mid,Web,28,False
391,34,Female,Visayas,High,Web,30,False
392,18,Female,NCR,Low,Web,29,True
393,24,Male,Mindanao,Mid,Web,18,False
394,45,Female,NCR,Mid,Web,35,False
395,35,Male,NCR,High,Web,31,False
396,18,Male,NCR,High,App,30,False
397,38,Male,Luzon,Mid,App,34,False
398,29,Male,Visayas,Low,Store,36,True
399,26,Female,Visayas,Low,Web,27,True
400,23,Male,NCR,High,Web,43,False
401,44,Female,Luzon,Mid,App,33,True
402,18,Male,Visayas,Mid,Web,16,True
403,26,Female,NCR,High,Web,31,False
404,36,Female,Luzon,High,App,26,False
405,50,Male,NCR,Mid,App,25,False
406,40,Male,Luzon,High,Web,26,True
407,26,Male,Luzon,Low,App,32,False
408,50,Male,NCR,Mid,App,30,False
409,21,Male,Mindanao,High,Store,32,False
410,37,Female,Luzon,Low,Web,35,False
411,39,Male,Mindanao,,App,41,True
412,26,Female,Visayas,Mid,App,37,False
413,41,Male,NCR,Mid,Web,36,False
414,29,Male,Luzon,Low,App,30,False
415,41,Female,NCR,,App,16,False
416,18,Female,Visayas,Low,Web,34,False
417,38,Female,NCR,Low,App,37,False
418,30,Female,Mindanao,High,Web,31,False
419,46,Male,Luzon,Mid,App,26,False
420,34,Female,Luzon,Mid,Web,42,True
421,47,Male,Luzon,Low,App,39,False
422,40,Female,Luzon,Mid,Web,33,False
423,33,Female,Luzon,Low,App,25,True
424,42,Male,Luzon,High,App,32,False
425,42,Female,NCR,High,App,33,False
426,39,Male,Luzon,Mid,App,28,False
427,18,Male,NCR,High,Web,48,False
428,25,Male,Luzon,Low,Web,42,False
429,48,Male,Luzon,Low,App,16,True
430,22,Female,NCR,Mid,Web,38,False
431,43,Male,Visayas,Low,App,26,False
432,42,Female,Luzon,High,App,45,True
433,27,Male,Luzon,Low,Store,25,True
434,18,Female,Luzon,Mid,Web,37,False
435,29,Female,Luzon,Low,App,28,False
436,55,Female,Visayas,Low,Web,31,False
437,26,Male,NCR,Mid,Store,31,True
438,27,Male,NCR,High,App,37,False
439,25,Male,Luzon,Mid,App,27,False
440,47,Male,NCR,Mid,App,33,False
441,32,Male,NCR,Low,Web,28,False
442,28,Male,NCR,Low,App,34,False
443,49,Female,NCR,Low,Store,38,False
444,40,Male,Mindanao,High,Web,28,False
445,25,Female,NCR,,Store,46,False
446,22,Female,NCR,Low,Store,31,False
447,46,Female,Mindanao,Mid,Store,27,True
448,35,Female,Mindanao,Mid,Store,37,False
449,19,Female,NCR,Mid,Web,42,False
450,18,Male,Mindanao,Low,App,22,False
451,23,Male,NCR,Mid,Web,35,False
452,22,Female,Visayas,Mid,App,39,False
453,18,Male,NCR,Low,Web,28,True
454,24,Male,Luzon,Mid,Store,37,False
455,25,Male,NCR,Low,Web,23,True
456,30,Female,Visayas,High,Web,26,True
457,51,Male,NCR,High,Web,26,False
458,32,Male,Luzon,Low,App,27,False
459,33,Female,Luzon,Mid,Web,32,False
460,40,Female,NCR,Mid,Web,26,True
461,32,Female,Mindanao,High,Web,34,False
462,39,Male,NCR,Mid,Web,28,False
463,37,Female,NCR,Mid,Store,34,True
464,36,Male,NCR,Low,App,33,False
465,62,Female,NCR,Low,Web,40,False
466,44,Female,NCR,Mid,Web,32,False
467,24,Male,Luzon,Mid,Web,26,False
468,38,Male,Luzon,High,Web,33,False
469,27,Male,Luzon,High,Web,38,False
470,39,Male,Luzon,Mid,Web,37,False
471,21,Female,Visayas,Mid,Web,37,True
472,23,Male,NCR,High,Web,25,False
473,38,Female,Luzon,High,App,24,False
474,44,Female,Mindanao,High,Web,26,False
475,40,Male,NCR,High,App,21,False
476,43,Male,Luzon,Mid,App,26,False
477,38,Male,Mindanao,Mid,Store,33,False
478,36,Female,Luzon,Mid,Web,23,False
479,29,Male,Mindanao,Low,App,29,False
480,43,Female,NCR,Mid,Store,30,False
481,45,Male,Luzon,Mid,Store,24,True
482,34,Female,NCR,Mid,Store,26,False
483,33,Male,NCR,Low,Web,20,False
484,50,Male,Mindanao,Mid,Store,25,False
485,34,Male,NCR,Mid,Store,31,True
486,35,Female,Mindanao,Mid,Web,21,False
487,39,Male,Luzon,Low,Web,26,True
488,34,Male,Mindanao,Mid,Store,32,False
489,26,Female,Mindanao,Low,Web,36,False
490,38,Female,Luzon,Low,App,46,False
491,34,Male,Mindanao,Low,Web,32,True
492,53,Male,Visayas,High,App,35,False
493,42,Male,Luzon,Mid,Web,23,False
494,29,Female,Luzon,Mid,App,33,False
495,42,Male,NCR,High,App,30,False
496,38,Female,NCR,Mid,Store,30,True
497,48,Male,NCR,High,Web,21,True
498,29,Male,Luzon,Low,Web,28,False
499,36,Male,NCR,Low,Web,31,False
500,34,Male,Luzon,Low,Web,32,False
501,35,Female,Luzon,Mid,Store,27,False
502,26,Male,Luzon,High,Web,30,True
503,40,Male,Mindanao,Mid,Web,33,False
504,39,Female,Mindanao,Mid,Store,41,False
505,47,Male,Mindanao,Low,Web,27,True
506,34,Male,Luzon,High,Web,24,False
507,30,Female,NCR,Mid,App,30,False
508,42,Female,Mindanao,Low,Web,28,False
509,27,Female,NCR,High,Store,26,False
510,45,Female,NCR,Mid,App,34,False
511,45,Male,NCR,Low,Web,41,False
512,47,Female,Luzon,Low,App,26,True
513,38,Female,Luzon,Low,Store,20,False
514,30,Male,NCR,High,Web,28,False
515,36,Female,Visayas,Mid,App,25,True
516,38,Male,NCR,High,Web,28,True
517,29,Male,NCR,Low,App,27,False
518,48,Male,NCR,Mid,App,39,True
519,40,Female,NCR,Mid,Web,28,False
520,26,Female,Visayas,Mid,App,38,False
521,53,Male,NCR,Mid,Web,26,False
522,35,Male,NCR,Mid,App,22,True
523,24,Female,NCR,Mid,App,24,False
524,26,Male,Visayas,High,Web,30,True
525,49,Male,Mindanao,Low,Web,30,True
526,53,Male,Luzon,Mid,Store,35,False
527,45,Female,Luzon,Mid,Web,23,True
528,48,Female,Mindanao,Low,Web,28,False
529,47,Male,NCR,Low,Web,42,False
530,40,Female,NCR,High,App,23,False
531,38,Female,Luzon,Low,Web,41,False
532,40,Male,NCR,Low,Store,22,False
533,42,Female,Luzon,Mid,App,27,False
534,27,Male,Luzon,Low,Web,19,False
535,42,Male,NCR,Low,App,43,False
536,49,Male,Luzon,Low,Web,36,False
537,32,Female,NCR,Low,Web,23,False
538,31,Male,NCR,Mid,App,18,False
539,39,Male,Visayas,High,Web,28,False
540,28,Female,Visayas,Low,Store,31,False
541,21,Female,NCR,Mid,App,17,False
542,46,Male,NCR,Mid,Web,19,True
543,30,Male,NCR,Low,Store,23,False
544,35,Female,NCR,Mid,App,38,False
545,28,Female,NCR,,Web,33,False
546,47,Female,NCR,Low,App,42,False
547,43,Female,Visayas,Low,Store,30,False
548,32,Female,Visayas,Low,Web,23,False
549,23,Male,Visayas,High,Web,37,False
550,31,Male,Luzon,High,App,24,True
551,40,Female,Visayas,High,Web,37,False
552,36,Female,Visayas,,Web,30,False
553,36,Male,Mindanao,Mid,App,12,False
554,37,Male,Visayas,Mid,Store,25,False
555,42,Female,Visayas,Low,App,17,False
556,34,Male,Visayas,High,Web,32,True
557,39,Male,Luzon,Mid,Web,17,True
558,25,Female,NCR,Low,Web,29,False
559,60,Male,NCR,High,Web,27,True
560,32,Male,Luzon,Low,App,30,False
561,37,Male,NCR,Mid,Web,25,False
562,40,Male,NCR,Low,Store,34,False
563,30,Female,NCR,Low,App,26,False
564,35,Male,NCR,High,App,47,False
565,34,Male,Mindanao,Mid,Store,32,False
566,25,Male,NCR,Low,App,34,False
567,39,Male,NCR,Mid,Store,34,True
568,18,Female,Luzon,High,Store,38,False
569,52,Male,NCR,High,App,42,False
570,42,Female,Luzon,High,Web,36,False
571,41,Male,Luzon,High,Web,24,False
572,18,Female,NCR,Mid,Store,34,False
573,27,Male,Luzon,Low,Web,28,False
574,48,Male,NCR,High,Store,31,False
575,76,Male,Luzon,Low,Web,20,False
576,46,Male,Mindanao,Low,App,25,True
577,45,Male,Mindanao,Mid,Web,29,False
578,40,Male,NCR,Low,Store,40,False
579,26,Male,Visayas,Mid,Web,28,False
580,44,Female,Visayas,High,Web,36,False
581,23,Female,Visayas,Mid,Store,24,False
582,22,Female,NCR,Mid,Web,26,False
583,22,Male,Luzon,Mid,Web,11,True
584,44,Female,NCR,Mid,Store,38,False
585,34,Female,NCR,Low,Store,26,False
586,36,Female,Luzon,Low,Web,25,False
587,34,Male,Luzon,Mid,App,20,True
588,23,Female,NCR,Mid,Web,36,True
589,28,Female,Visayas,Mid,Web,39,False
590,28,Male,Luzon,Low,App,28,True
591,20,Female,Mindanao,Low,Web,42,False
592,29,Female,Visayas,Mid,App,28,False
593,24,Female,Visayas,Mid,Web,25,True
594,40,Female,Visayas,Mid,Store,37,True
595,41,Female,NCR,High,App,36,False
596,22,Female,NCR,Mid,Web,31,False
597,32,Female,Mindanao,Low,Store,34,False
598,53,Male,NCR,Mid,Store,30,False
599,25,Female,NCR,Low,Web,24,False
600,39,Female,Luzon,Low,Store,38,False
601,36,Female,NCR,Mid,Web,28,False
602,45,Male,NCR,Low,Web,37,False
603,37,Male,Luzon,Low,Web,32,True
604,30,Female,NCR,High,Web,33,False
605,35,Female,Luzon,Mid,App,22,False
606,35,Female,NCR,High,App,41,False
607,34,Male,Luzon,High,Store,31,False
608,21,Female,NCR,Low,Web,32,False
609,47,Female,Luzon,Mid,Web,28,False
610,45,Male,NCR,Low,Web,42,False
611,24,Male,NCR,Mid,Web,30,False
612,31,Male,Visayas,Low,Store,20,False
613,32,Female,NCR,Low,App,35,False
614,23,Female,Visayas,Low,App,20,False
615,18,Female,NCR,Mid,App,36,True
616,28,Female,NCR,Low,Web,45,False
617,31,Male,NCR,Mid,Web,40,False
618,20,Female,Mindanao,High,Web,21,False
619,36,Male,NCR,Mid,Store,35,False
620,46,Male,NCR,Mid,Web,29,False
621,43,Male,Luzon,Low,Web,31,False
622,33,Female,NCR,High,App,22,False
623,18,Female,Visayas,Mid,Web,42,False
624,42,Female,Mindanao,Mid,App,28,False
625,36,Female,Luzon,High,Web,29,True
626,39,Male,Luzon,Low,App,36,False
627,54,Female,NCR,Mid,Web,34,False
628,26,Male,Mindanao,Low,Store,29,False
629,18,Female,Luzon,Low,App,30,False
630,24,Female,NCR,Low,Web,31,False
631,39,Female,Mindanao,,App,41,False
632,35,Male,Mindanao,Low,App,43,True
633,22,Female,Luzon,Mid,App,40,True
634,20,Female,NCR,High,Store,34,True
635,31,Male,Luzon,High,Store,37,False
636,22,Female,Visayas,Low,Web,41,False
637,40,Female,Luzon,Mid,Web,26,True
638,30,Male,NCR,Low,Web,33,False
639,28,Male,NCR,Mid,App,26,True
640,27,Male,NCR,Low,Store,44,False
641,37,Female,NCR,Mid,App,38,False
642,35,Female,Visayas,Low,Web,29,True
643,37,Female,NCR,Mid,Store,16,False
644,36,Female,NCR,Low,App,42,False
645,34,Female,Visayas,Low,Web,20,False
646,24,Female,Luzon,Mid,Store,27,False
647,27,Male,NCR,Low,Web,37,True
648,31,Female,Mindanao,Mid,App,42,False
649,55,Male,NCR,Mid,App,34,False
650,21,Female,Mindanao,Mid,Store,30,True
651,30,Male,NCR,Mid,Web,38,False
652,35,Female,Luzon,Mid,Web,30,False
653,31,Female,Luzon,High,App,41,False
654,45,Female,NCR,Low,Store,22,False
655,31,Male,Luzon,Mid,Web,29,False
656,32,Female,NCR,Mid,Web,34,False
657,43,Female,Luzon,Low,Store,27,False
658,53,Male,NCR,Low,App,21,False
659,49,Female,Visayas,Low,Web,37,False
660,33,Male,Luzon,Mid,Web,40,False
661,34,Male,Luzon,Low,App,24,False
662,35,Female,NCR,Mid,App,32,False
663,36,Female,Luzon,Mid,App,33,False
664,26,Male,Luzon,Mid,App,42,False
665,44,Female,NCR,Low,Web,28,False
666,37,Female,Luzon,Mid,Store,20,False
667,34,Female,NCR,Mid,Web,33,False
668,22,Female,NCR,Low,Store,36,False
669,35,Female,Visayas,Low,Web,29,True
670,18,Male,NCR,Low,Web,39,False
671,29,Male,NCR,High,Web,37,False
672,29,Male,Luzon,Low,Web,26,False
673,37,Female,Visayas,Low,Web,25,False
674,53,Female,NCR,Low,App,33,False
675,40,Female,NCR,Low,Store,42,False
676,49,Male,Luzon,Mid,App,39,False
677,41,Female,Luzon,Mid,App,29,False
678,46,Female,Luzon,Mid,Web,43,False
679,53,Female,Luzon,High,Store,35,True
680,27,Female,Visayas,Low,Web,19,False
681,27,Male,Mindanao,Mid,Web,26,False
682,41,Male,NCR,Mid,Web,43,False
683,34,Female,NCR,Mid,Web,25,False
684,37,Female,NCR,High,App,31,True
685,32,Female,NCR,Low,Web,33,False
686,29,Female,NCR,Mid,Web,40,True
687,51,Female,Visayas,Mid,Store,16,False
688,24,Male,NCR,Low,Web,35,False
689,41,Female,NCR,High,App,31,False
690,40,Male,Luzon,Low,Web,22,False
691,19,Male,Mindanao,Low,Store,20,False
692,26,Male,NCR,Mid,App,29,False
693,28,Female,Visayas,Mid,Web,30,False
694,40,Female,Visayas,High,Store,33,False
695,31,Female,Luzon,High,Web,42,False
696,34,Male,Luzon,Low,Web,17,True
697,20,Female,Luzon,Mid,App,37,False
698,58,Male,NCR,High,App,39,True
699,35,Male,Luzon,Low,Web,38,False
700,39,Male,NCR,Mid,Web,32,False
701,29,Female,Visayas,High,Web,27,False
702,28,Male,Visayas,Low,App,27,True
703,54,Male,NCR,High,Store,21,False
704,18,Male,Luzon,Mid,Web,38,False
705,37,Female,NCR,High,Store,39,False
706,22,Female,NCR,Mid,Web,22,True
707,30,Male,Luzon,Mid,App,46,False
708,28,Male,NCR,Mid,Store,38,False
709,25,Male,Visayas,Low,App,23,False
710,35,Female,NCR,Mid,Web,28,False
711,18,Male,Visayas,High,Web,22,False
712,31,Male,NCR,High,Web,25,False
713,34,Male,NCR,High,App,36,False
714,21,Male,Visayas,Mid,Store,29,False
715,50,Male,Luzon,Mid,Web,25,False
716,29,Male,NCR,Mid,Web,39,False
717,32,Male,Visayas,Mid,Web,15,True
718,29,Female,NCR,Mid,App,27,False
719,34,Male,NCR,Low,App,40,False
720,48,Female,Luzon,Low,Web,24,False
721,59,Male,Luzon,Mid,App,32,False
722,42,Male,Luzon,Low,Web,23,False
723,45,Male,Visayas,Low,App,31,False
724,52,Female,Luzon,Low,Web,28,False
725,37,Female,NCR,High,Web,30,True
726,50,Male,NCR,High,App,46,False
727,42,Female,NCR,Mid,App,29,False
728,36,Female,Visayas,High,Web,24,False
729,38,Male,NCR,High,App,17,False
730,18,Female,Luzon,Low,App,24,False
731,37,Male,Luzon,Low,Web,32,False
732,19,Male,Visayas,Low,Store,23,False
733,18,Female,NCR,Low,Store,35,True
734,36,Male,NCR,Mid,Web,35,False
735,23,Male,Mindanao,Low,Store,33,False
736,34,Male,Luzon,High,App,37,False
737,36,Female,Luzon,Mid,Web,28,False
738,36,Female,Visayas,Low,App,28,False
739,25,Male,Mindanao,High,Web,34,False
740,43,Male,NCR,High,App,34,False
741,34,Male,Mindanao,Mid,Store,22,False
742,39,Female,NCR,Mid,Web,26,False
743,23,Female,Mindanao,High,App,44,False
744,33,Male,NCR,Mid,Web,37,False
745,45,Female,NCR,High,App,25,False
746,44,Female,NCR,Low,Store,31,False
747,27,Male,Visayas,Mid,Web,36,False
748,29,Male,Mindanao,Mid,App,45,False
749,25,Male,NCR,Low,Web,24,False
750,28,Female,NCR,Low,App,22,False
751,21,Female,NCR,Low,App,29,False
752,33,Male,NCR,Low,App,31,False
753,41,Male,Visayas,Low,Web,34,False
754,27,Male,NCR,Mid,App,23,True
755,34,Male,Mindanao,High,App,20,False
756,32,Male,Mindanao,Mid,App,39,False
757,45,Male,NCR,Mid,App,26,False
758,28,Female,Luzon,Low,Store,24,False
759,29,Female,Mindanao,High,Web,25,True
760,26,Male,Visayas,Low,Web,29,False
761,23,Female,Visayas,,Store,48,False
762,40,Female,NCR,Mid,Web,26,True
763,33,Female,NCR,High,Store,23,False
764,35,Female,Visayas,High,App,25,False
765,47,Female,NCR,Mid,Store,30,False
766,48,Male,Luzon,Mid,App,29,True
767,18,Female,Visayas,Mid,Store,33,False
768,41,Male,Luzon,Mid,App,35,True
769,37,Female,NCR,Low,App,25,True
770,30,Male,NCR,Low,Web,27,False
771,38,Male,Visayas,High,Web,31,False
772,18,Male,NCR,High,Web,39,True
773,49,Male,NCR,Low,Store,22,False
774,40,Male,Mindanao,Low,Web,30,True
775,26,Female,Luzon,Low,App,36,False
776,29,Female,Luzon,Mid,App,31,False
777,18,Male,Visayas,Low,Web,32,False
778,31,Male,Luzon,Mid,Store,37,False
779,30,Male,Mindanao,Low,Web,33,False
780,21,Male,Visayas,Low,App,22,True
781,42,Female,NCR,Low,App,44,False
782,47,Female,NCR,Mid,Web,47,False
783,34,Male,NCR,Low,Web,37,False
784,31,Male,Luzon,,App,33,False
785,39,Female,Luzon,Mid,Web,26,False
786,34,Female,Luzon,Mid,Store,14,True
787,24,Male,Mindanao,Low,App,39,False
788,28,Female,Luzon,Mid,Web,30,False
789,32,Male,Visayas,Low,Web,36,False
790,37,Male,Luzon,Mid,Web,40,False
791,35,Female,Luzon,Mid,App,28,False
792,37,Female,NCR,High,App,26,False
793,19,Male,Luzon,High,Web,52,False
794,41,Female,Luzon,Mid,App,27,False
795,35,Male,NCR,High,App,30,False
796,60,Female,Visayas,Low,App,23,False
797,31,Male,Luzon,Mid,Web,34,False
798,38,Female,NCR,Low,Web,30,False
799,63,Female,Visayas,Low,Web,14,False
800,36,Female,NCR,Mid,App,46,False
801,34,Female,Luzon,Mid,App,36,False
802,25,Female,Luzon,Mid,Web,42,False
803,50,Male,NCR,High,Web,33,False
804,23,Female,Luzon,Mid,App,32,False
805,39,Male,NCR,High,Web,30,True
806,30,Female,NCR,High,App,27,False
807,33,Male,Luzon,High,Web,36,False
808,20,Female,NCR,Low,Web,34,False
809,48,Male,Mindanao,Mid,App,29,False
810,32,Female,NCR,,Web,39,True
811,22,Male,NCR,High,App,34,False
812,47,Male,Mindanao,Low,Web,28,False
813,29,Male,Luzon,Low,Web,25,False
814,38,Female,Luzon,Low,App,33,False
815,43,Male,Luzon,Low,Web,25,False
816,39,Male,Visayas,High,App,27,True
817,18,Male,NCR,Low,App,26,True
818,41,Male,NCR,Low,Store,26,False
819,33,Female,Mindanao,Mid,Web,27,False
820,31,Male,NCR,Mid,Web,32,True
821,33,Male,Visayas,Low,Web,31,False
822,18,Male,Luzon,Mid,Store,34,False
823,36,Male,Luzon,Mid,Web,27,False
824,21,Female,Visayas,High,Web,36,False
825,32,Male,Mindanao,Mid,App,42,False
826,36,Male,NCR,,Web,31,True
827,45,Female,Luzon,Low,App,31,False
828,26,Female,Visayas,Mid,App,19,False
829,49,Male,NCR,Mid,App,34,False
830,44,Female,Mindanao,Mid,App,28,False
831,30,Female,Luzon,,Web,23,False
832,23,Male,NCR,,App,44,False
833,20,Female,Visayas,Low,App,30,True
834,37,Male,Mindanao,,Web,38,False
835,27,Male,NCR,High,Store,32,False
836,46,Female,Visayas,Low,App,19,True
837,28,Female,NCR,Mid,Store,20,False
838,25,Female,NCR,Mid,App,21,True
839,37,Male,NCR,Mid,Web,49,False
840,28,Male,Visayas,Low,Web,34,False
841,35,Female,NCR,High,Web,14,False
842,44,Male,NCR,Mid,Web,34,False
843,36,Female,Visayas,Mid,Web,28,True
844,36,Male,Luzon,Mid,Web,22,False
845,37,Male,NCR,Mid,Web,17,False
846,18,Male,NCR,Low,Store,41,False
847,38,Female,Visayas,High,Web,39,False
848,36,Male,Luzon,Low,App,34,False
849,43,Female,Visayas,High,App,25,False
850,41,Female,NCR,High,App,35,True
851,32,Male,Luzon,Mid,Web,30,False
852,45,Male,Visayas,Mid,App,26,False
853,32,Female,NCR,Low,App,27,False
854,37,Male,NCR,Mid,Store,32,False
855,31,Male,NCR,Mid,Web,46,True
856,39,Female,NCR,Low,Web,29,False
857,31,Male,NCR,Low,App,37,False
858,51,Female,Mindanao,High,Web,36,False
859,55,Male,Luzon,Low,App,40,False
860,43,Male,Luzon,Low,App,36,False
861,50,Female,NCR,Low,App,28,False
862,19,Female,Luzon,Mid,Store,41,False
863,20,Male,Luzon,Mid,App,23,False
864,31,Female,Mindanao,Mid,Store,33,False
865,35,Female,Luzon,Mid,App,19,False
866,33,Male,Visayas,Low,Web,23,False
867,18,Male,NCR,Mid,App,33,False
868,46,Male,Luzon,Low,App,29,False
869,56,Female,Mindanao,High,Store,17,True
870,47,Female,Luzon,Low,Web,30,False
871,45,Male,Visayas,Low,Web,25,True
872,37,Female,Visayas,Mid,Store,31,False
873,26,Female,Mindanao,Low,Web,29,False
874,35,Female,NCR,Mid,App,31,False
875,56,Female,NCR,Mid,App,31,False
876,31,Male,Luzon,High,Web,18,False
877,30,Male,Mindanao,Low,Web,42,False
878,46,Female,Luzon,Mid,Store,24,False
879,46,Male,NCR,Mid,Web,15,False
880,26,Male,Luzon,Low,App,29,False
881,32,Female,NCR,Mid,App,32,False
882,29,Female,NCR,High,App,27,True
883,35,Female,NCR,Mid,Web,32,True
884,46,Female,NCR,High,Web,41,False
885,26,Female,Visayas,Mid,Store,30,False
886,45,Male,NCR,Low,Web,28,False
887,36,Male,NCR,High,Web,18,False
888,58,Male,Luzon,Low,Store,21,False
889,38,Female,NCR,Mid,Web,36,False
890,34,Female,NCR,Mid,Web,32,False
891,40,Female,NCR,High,Store,35,False
892,31,Female,NCR,High,Web,25,True
893,18,Female,Luzon,Low,Web,41,False
894,32,Male,NCR,Mid,Web,32,False
895,32,Female,NCR,Low,App,30,False
896,19,Female,NCR,Mid,Store,29,False
897,34,Female,NCR,Mid,App,18,False
898,18,Male,NCR,Low,Store,26,True
899,31,Female,NCR,High,Web,35,False
900,37,Male,NCR,Mid,App,35,False
901,35,Male,NCR,Mid,Web,23,True
902,30,Male,Visayas,High,Store,31,False
903,34,Male,NCR,Mid,Store,26,False
904,27,Female,NCR,Mid,Web,34,False
905,35,Male,Luzon,Low,Store,30,False
906,35,Male,NCR,Low,App,32,True
907,25,Female,Visayas,Low,Web,41,True
908,37,Female,NCR,Low,App,20,False
909,37,Female,Luzon,Low,Store,31,False
910,33,Male,Mindanao,Mid,Web,28,False
911,59,Male,NCR,Mid,Web,32,False
912,33,Female,NCR,Low,Store,35,True
913,32,Male,Luzon,Mid,Web,16,True
914,30,Female,Mindanao,High,Web,46,False
915,25,Male,NCR,Low,App,32,False
916,41,Male,Luzon,Mid,App,33,False
917,28,Female,NCR,Low,Web,30,False
918,29,Male,Luzon,Mid,Web,26,False
919,29,Female,NCR,Mid,Store,34,True
920,25,Male,Luzon,Low,App,19,False
921,18,Female,NCR,Low,App,24,False
922,30,Male,Luzon,High,Store,34,False
923,43,Male,NCR,Low,Web,25,False
924,36,Female,Luzon,Mid,Store,31,False
925,50,Female,Visayas,Mid,App,41,False
926,42,Female,Visayas,Low,Store,29,False
927,40,Female,Mindanao,Mid,Web,34,False
928,53,Male,Luzon,Mid,Web,33,False
929,34,Female,Luzon,Low,App,21,False
930,35,Female,NCR,High,Store,43,False
931,34,Female,Mindanao,Mid,Store,36,False
932,50,Male,Luzon,Mid,Web,29,False
933,35,Female,Luzon,Low,App,29,False
934,28,Male,Luzon,Low,Web,30,True
935,40,Male,Visayas,Mid,App,33,False
936,26,Male,Visayas,Mid,Store,28,False
937,40,Female,Visayas,Low,App,34,False
938,39,Male,Luzon,Mid,Web,37,False
939,33,Male,NCR,Mid,Store,31,False
940,40,Female,Mindanao,Low,Web,38,False
941,20,Male,Luzon,Mid,App,26,False
942,36,Male,Luzon,Mid,App,37,False
943,30,Female,Luzon,Mid,App,38,False
944,63,Female,Luzon,Mid,App,34,False
945,36,Male,Visayas,Mid,App,48,False
946,29,Male,Luzon,High,Web,29,False
947,21,Male,Visayas,High,Web,30,False
948,48,Female,Visayas,Low,App,22,False
949,31,Male,Luzon,Mid,App,32,False
950,27,Male,NCR,High,App,31,False
951,38,Male,Luzon,High,Web,28,True
952,41,Male,Luzon,Low,Web,22,True
953,41,Female,Luzon,Low,App,32,False
954,35,Male,Mindanao,Low,App,32,False
955,36,Female,NCR,High,App,29,False
956,37,Male,NCR,High,App,29,False
957,38,Male,Visayas,High,Web,25,False
958,39,Male,Mindanao,Low,Web,30,False
959,45,Male,Luzon,High,Web,24,False
960,35,Male,NCR,Low,App,18,False
961,26,Female,Luzon,Mid,Web,24,False
962,33,Female,Luzon,Low,Web,32,False
963,42,Female,Luzon,Mid,Store,27,False
964,18,Male,NCR,Mid,Web,22,False
965,18,Male,NCR,Low,App,33,False
966,44,Female,Luzon,Low,Web,28,False
967,50,Female,Luzon,High,Web,28,False
968,22,Female,Luzon,Low,Web,28,False
969,36,Female,NCR,Mid,Store,23,False
970,31,Female,NCR,Low,App,36,False
971,32,Female,NCR,Low,App,19,False
972,38,Female,Mindanao,Low,Store,18,False
973,22,Female,NCR,Mid,Web,19,False
974,23,Male,Luzon,Mid,App,37,False
975,31,Male,Luzon,Low,Web,35,False
976,33,Female,Visayas,High,App,24,False
977,23,Female,NCR,Low,Store,34,False
978,42,Female,Luzon,Mid,Web,32,False
979,30,Female,Visayas,Low,Store,35,True
980,30,Female,NCR,High,App,40,False
981,37,Male,Luzon,Low,Web,40,False
982,33,Male,NCR,Mid,Web,30,True
983,43,Male,Mindanao,Mid,App,17,False
984,25,Female,Visayas,,App,26,False
985,21,Female,NCR,High,Web,32,True
986,31,Male,Visayas,Low,App,27,True
987,35,Male,Visayas,Mid,Web,26,False
988,22,Male,Luzon,High,Store,37,False
989,21,Female,NCR,,Web,26,False
990,36,Male,NCR,Mid,App,36,False
991,27,Female,Luzon,Mid,App,39,True
992,20,Male,Luzon,Mid,App,33,False
993,44,Male,Visayas,Mid,Store,22,True
994,28,Female,NCR,High,Store,26,False
995,46,Female,Luzon,High,Web,39,False
996,35,Female,NCR,Mid,Web,20,True
997,37,Male,Luzon,Mid,App,38,False
998,32,Male,NCR,Mid,Web,43,False
999,18,Male,NCR,Low,App,30,True
1000,23,Female,NCR,High,Web,33,False
