subscription_id,customer_id,plan_type,monthly_fee,contract_type,discount_pct
1,1,Basic,287.96,Postpaid,0.15
2,2,Basic,329.86,Prepaid,0.15
3,3,Basic,313.36,Postpaid,0.0
4,4,Basic,326.43,Postpaid,0.0
5,5,Standard,496.7,Postpaid,0.1
6,6,Basic,255.66,Prepaid,0.0
7,7,Premium,1027.47,Postpaid,0.05
8,8,Standard,535.26,Postpaid,0.15
9,9,Basic,317.65,Postpaid,0.0
10,10,Standard,529.46,Postpaid,0.0
11,11,Basic,299.82,Postpaid,0.1
12,12,Premium,1079.5,Postpaid,0.05
13,13,Premium,1037.73,Postpaid,0.15
14,14,Premium,906.46,Postpaid,0.05
15,15,Standard,641.42,Postpaid,0.0
16,16,Premium,1090.11,Prepaid,0.1
17,17,Standard,738.85,Postpaid,0.1
18,18,Premium,1022.75,Prepaid,0.15
19,19,Basic,230.78,Postpaid,0.0
20,20,Premium,1020.73,Prepaid,0.0
21,21,Standard,678.8,Postpaid,0.0
22,22,Basic,289.65,Postpaid,0.0
23,23,Premium,1051.16,Postpaid,0.15
24,24,Standard,557.02,Postpaid,0.15
25,25,Premium,1017.62,Prepaid,0.0
26,26,Basic,174.52,Prepaid,0.15
27,27,Standard,551.48,Postpaid,0.0
28,28,Standard,598.69,Postpaid,0.1
29,29,Basic,280.83,Postpaid,0.05
30,30,Standard,533.97,Postpaid,0.05
31,31,Standard,574.02,Prepaid,0.05
32,32,Basic,315.48,Prepaid,0.05
33,33,Standard,594.69,Postpaid,0.1
34,34,Basic,302.05,Postpaid,0.0
35,35,Premium,1035.6,Postpaid,0.1
36,36,Premium,981.84,Postpaid,0.0
37,37,Basic,366.96,Postpaid,0.0
38,38,Standard,549.54,Postpaid,0.05
39,39,Basic,395.4,Postpaid,0.1
40,40,Basic,354.65,Prepaid,0.15
41,41,Premium,981.2,Postpaid,0.0
42,42,Basic,284.53,Postpaid,0.0
43,43,Basic,309.34,Prepaid,0.0
44,44,Basic,328.93,Postpaid,0.1
45,45,Standard,653.73,Postpaid,0.15
46,46,Premium,931.97,Postpaid,0.1
47,47,Basic,320.87,Prepaid,0.0
48,48,Basic,193.17,Prepaid,0.1
49,49,Basic,290.13,Postpaid,0.0
50,50,Basic,371.7,Prepaid,0.15
51,51,Basic,228.12,Prepaid,0.05
52,52,Standard,519.04,Postpaid,0.0
53,53,Standard,610.04,Prepaid,0.05
54,54,Basic,368.37,Postpaid,0.1
55,55,Standard,615.27,Postpaid,0.0
56,56,Standard,503.77,Prepaid,0.0
57,57,Basic,214.84,Postpaid,0.05
58,58,Basic,303.89,Prepaid,0.15
59,59,Standard,540.04,Prepaid,0.05
60,60,Basic,305.83,Postpaid,0.0
61,61,Premium,1008.8,Postpaid,0.05
62,62,Premium,974.51,Prepaid,0.0
63,63,Premium,1089.74,Postpaid,0.0
64,64,Basic,328.52,Prepaid,0.0
65,65,Basic,359.58,Postpaid,0.0
66,66,Premium,1045.03,Prepaid,0.0
67,67,Basic,291.5,Postpaid,0.0
68,68,Basic,289.28,Postpaid,0.0
69,69,Standard,584.12,Prepaid,0.05
70,70,Basic,333.06,Postpaid,0.0
71,71,Standard,566.48,Postpaid,0.0
72,72,Premium,1085.25,Prepaid,0.0
73,73,Standard,561.71,Postpaid,0.1
74,74,Basic,309.72,Postpaid,0.1
75,75,Premium,987.55,Prepaid,0.0
76,76,Standard,576.46,Postpaid,0.05
77,77,Basic,407.62,Postpaid,0.1
78,78,Standard,577.05,Postpaid,0.05
79,79,Basic,283.76,Postpaid,0.0
80,80,Basic,265.79,Postpaid,0.0
81,81,Standard,601.05,Postpaid,0.0
82,82,Basic,293.93,Postpaid,0.0
83,83,Basic,243.04,Prepaid,0.0
84,84,Standard,577.78,Prepaid,0.15
85,85,Basic,329.48,Postpaid,0.0
86,86,Standard,650.35,Prepaid,0.0
87,87,Basic,300.2,Postpaid,0.15
88,88,Standard,601.95,Prepaid,0.05
89,89,Premium,980.95,Prepaid,0.0
90,90,Basic,273.88,Prepaid,0.15
91,91,Standard,553.02,Postpaid,0.0
92,92,Basic,221.17,Prepaid,0.0
93,93,Basic,263.88,Prepaid,0.0
94,94,Basic,344.2,Postpaid,0.0
95,95,Basic,277.78,Postpaid,0.1
96,96,Basic,281.7,Postpaid,0.0
97,97,Standard,580.73,Prepaid,0.1
98,98,Standard,661.24,Prepaid,0.0
99,99,Premium,952.58,Postpaid,0.15
100,100,Premium,1012.85,Prepaid,0.0
101,101,Basic,295.58,Postpaid,0.15
102,102,Basic,302.4,Postpaid,0.0
103,103,Basic,311.22,Prepaid,0.1
104,104,Standard,601.86,Postpaid,0.1
105,105,Premium,1038.65,Prepaid,0.05
106,106,Basic,297.54,Prepaid,0.0
107,107,Basic,386.22,Prepaid,0.05
108,108,Basic,301.22,Postpaid,0.05
109,109,Premium,913.83,Postpaid,0.05
110,110,Basic,330.92,Postpaid,0.05
111,111,Standard,618.6,Prepaid,0.15
112,112,Basic,300.63,Postpaid,0.15
113,113,Basic,286.02,Postpaid,0.0
114,114,Basic,193.27,Postpaid,0.0
115,115,Standard,501.66,Postpaid,0.0
116,116,Standard,681.38,Postpaid,0.05
117,117,Basic,269.72,Postpaid,0.15
118,118,Basic,347.28,Prepaid,0.0
119,119,Basic,218.85,Postpaid,0.0
120,120,Basic,246.66,Prepaid,0.0
121,121,Basic,332.93,Postpaid,0.0
122,122,Basic,293.87,Prepaid,0.15
123,123,Standard,625.88,Prepaid,0.05
124,124,Premium,998.32,Prepaid,0.0
125,125,Standard,588.62,Postpaid,0.0
126,126,Standard,565.0,Prepaid,0.0
127,127,Premium,939.3,Postpaid,0.05
128,128,Premium,1069.14,Postpaid,0.05
129,129,Basic,377.37,Prepaid,0.0
130,130,Basic,247.06,Postpaid,0.0
131,131,Basic,243.8,Postpaid,0.15
132,132,Premium,981.61,Postpaid,0.1
133,133,Basic,316.02,Prepaid,0.05
134,134,Basic,289.91,Postpaid,0.0
135,135,Standard,623.98,Prepaid,0.15
136,136,Standard,596.54,Postpaid,0.05
137,137,Standard,593.27,Postpaid,0.15
138,138,Standard,719.65,Postpaid,0.0
139,139,Standard,572.74,Prepaid,0.0
140,140,Premium,1081.0,Postpaid,0.0
141,141,Basic,371.34,Prepaid,0.1
142,142,Premium,1024.2,Prepaid,0.05
143,143,Standard,502.69,Prepaid,0.0
144,144,Basic,300.55,Postpaid,0.15
145,145,Premium,973.27,Prepaid,0.15
146,146,Premium,1000.0,Postpaid,0.0
147,147,Premium,945.85,Postpaid,0.05
148,148,Premium,1036.81,Postpaid,0.05
149,149,Basic,348.25,Postpaid,0.0
150,150,Basic,357.5,Postpaid,0.05
151,151,Basic,279.89,Prepaid,0.0
152,152,Premium,946.03,Postpaid,0.15
153,153,Premium,1016.58,Prepaid,0.1
154,154,Premium,1086.8,Prepaid,0.15
155,155,Premium,1002.47,Prepaid,0.1
156,156,Standard,621.61,Postpaid,0.0
157,157,Basic,287.25,Prepaid,0.0
158,158,Basic,273.83,Prepaid,0.05
159,159,Basic,331.91,Postpaid,0.0
160,160,Standard,593.7,Prepaid,0.05
161,161,Basic,319.18,Postpaid,0.0
162,162,Premium,1024.38,Postpaid,0.0
163,163,Standard,616.38,Postpaid,0.0
164,164,Basic,326.89,Prepaid,0.05
165,165,Premium,956.35,Prepaid,0.0
166,166,Standard,553.3,Postpaid,0.05
167,167,Standard,596.87,Postpaid,0.0
168,168,Basic,298.07,Prepaid,0.1
169,169,Basic,272.88,Prepaid,0.05
170,170,Basic,311.05,Postpaid,0.05
171,171,Standard,644.41,Prepaid,0.0
172,172,Standard,658.38,Postpaid,0.0
173,173,Premium,1069.61,Postpaid,0.0
174,174,Premium,933.26,Postpaid,0.05
175,175,Basic,240.85,Postpaid,0.0
176,176,Premium,984.52,Postpaid,0.1
177,177,Basic,303.01,Postpaid,0.1
178,178,Basic,287.08,Postpaid,0.0
179,179,Standard,571.37,Postpaid,0.1
180,180,Premium,983.78,Postpaid,0.05
181,181,Premium,1023.17,Postpaid,0.0
182,182,Premium,932.52,Prepaid,0.05
183,183,Basic,416.17,Postpaid,0.15
184,184,Basic,300.05,Postpaid,0.0
185,185,Basic,351.54,Prepaid,0.0
186,186,Standard,570.0,Postpaid,0.05
187,187,Basic,327.72,Postpaid,0.0
188,188,Basic,304.0,Postpaid,0.05
189,189,Basic,341.84,Postpaid,0.05
190,190,Standard,589.07,Prepaid,0.1
191,191,Standard,676.58,Postpaid,0.0
192,192,Basic,224.4,Prepaid,0.0
193,193,Basic,346.47,Postpaid,0.1
194,194,Standard,604.94,Postpaid,0.0
195,195,Standard,548.08,Postpaid,0.0
196,196,Basic,396.6,Prepaid,0.0
197,197,Basic,391.43,Postpaid,0.0
198,198,Premium,895.31,Postpaid,0.0
199,199,Standard,607.84,Prepaid,0.0
200,200,Basic,334.28,Prepaid,0.05
201,201,Standard,621.09,Prepaid,0.05
202,202,Standard,674.78,Postpaid,0.1
203,203,Basic,364.38,Postpaid,0.1
204,204,Basic,312.26,Postpaid,0.0
205,205,Premium,1112.86,Postpaid,0.0
206,206,Standard,645.84,Postpaid,0.1
207,207,Basic,281.43,Postpaid,0.0
208,208,Standard,571.38,Prepaid,0.0
209,209,Basic,361.17,Prepaid,0.0
210,210,Standard,559.35,Prepaid,0.05
211,211,Basic,278.51,Postpaid,0.0
212,212,Basic,287.02,Postpaid,0.0
213,213,Basic,316.78,Postpaid,0.0
214,214,Premium,989.33,Postpaid,0.1
215,215,Standard,533.15,Postpaid,0.0
216,216,Premium,1057.1,Postpaid,0.05
217,217,Basic,278.78,Postpaid,0.0
218,218,Standard,700.0,Prepaid,0.0
219,219,Basic,314.2,Prepaid,0.0
220,220,Standard,662.36,Postpaid,0.0
221,221,Basic,330.54,Postpaid,0.0
222,222,Standard,664.75,Postpaid,0.1
223,223,Basic,327.52,Prepaid,0.0
224,224,Basic,310.76,Postpaid,0.15
225,225,Standard,653.66,Postpaid,0.0
226,226,Basic,423.3,Prepaid,0.0
227,227,Basic,285.51,Postpaid,0.05
228,228,Premium,1038.75,Postpaid,0.1
229,229,Basic,298.74,Prepaid,0.0
230,230,Standard,624.3,Prepaid,0.0
231,231,Premium,1001.11,Postpaid,0.05
232,232,Standard,491.11,Postpaid,0.0
233,233,Basic,288.99,Prepaid,0.05
234,234,Standard,648.98,Postpaid,0.1
235,235,Standard,560.74,Postpaid,0.0
236,236,Basic,345.05,Prepaid,0.1
237,237,Standard,608.18,Postpaid,0.0
238,238,Premium,989.43,Postpaid,0.1
239,239,Basic,344.29,Prepaid,0.15
240,240,Basic,333.05,Prepaid,0.05
241,241,Standard,620.03,Prepaid,0.15
242,242,Basic,349.8,Postpaid,0.1
243,243,Standard,609.15,Postpaid,0.0
244,244,Basic,216.77,Postpaid,0.0
245,245,Basic,280.09,Postpaid,0.0
246,246,Standard,508.78,Prepaid,0.0
247,247,Premium,1031.87,Postpaid,0.05
248,248,Basic,343.81,Postpaid,0.0
249,249,Premium,1046.09,Postpaid,0.05
250,250,Basic,323.45,Postpaid,0.0
251,251,Basic,347.4,Postpaid,0.0
252,252,Standard,520.17,Postpaid,0.0
253,253,Basic,293.62,Postpaid,0.15
254,254,Standard,528.25,Postpaid,0.0
255,255,Basic,281.08,Postpaid,0.0
256,256,Basic,379.81,Prepaid,0.0
257,257,Basic,353.66,Prepaid,0.15
258,258,Premium,1032.11,Postpaid,0.0
259,259,Premium,989.92,Postpaid,0.05
260,260,Basic,249.32,Prepaid,0.0
261,261,Basic,308.35,Prepaid,0.0
262,262,Premium,1054.53,Postpaid,0.05
263,263,Basic,319.49,Prepaid,0.05
264,264,Premium,919.72,Postpaid,0.05
265,265,Standard,604.23,Prepaid,0.0
266,266,Premium,903.33,Postpaid,0.15
267,267,Basic,339.21,Prepaid,0.05
268,268,Basic,264.35,Postpaid,0.15
269,269,Basic,237.84,Postpaid,0.0
270,270,Basic,339.9,Prepaid,0.0
271,271,Basic,326.97,Postpaid,0.0
272,272,Premium,1010.62,Postpaid,0.1
273,273,Basic,408.59,Postpaid,0.05
274,274,Basic,330.75,Prepaid,0.0
275,275,Basic,266.75,Postpaid,0.0
276,276,Basic,324.96,Prepaid,0.0
277,277,Standard,584.7,Postpaid,0.0
278,278,Basic,362.34,Postpaid,0.1
279,279,Standard,613.05,Postpaid,0.0
280,280,Premium,1018.0,Prepaid,0.0
281,281,Basic,226.88,Prepaid,0.0
282,282,Standard,602.07,Prepaid,0.0
283,283,Basic,296.19,Postpaid,0.15
284,284,Basic,247.79,Postpaid,0.0
285,285,Premium,987.92,Postpaid,0.15
286,286,Premium,1020.79,Prepaid,0.05
287,287,Basic,298.78,Prepaid,0.05
288,288,Basic,228.4,Postpaid,0.0
289,289,Basic,285.34,Postpaid,0.05
290,290,Standard,575.6,Postpaid,0.05
291,291,Standard,608.68,Prepaid,0.0
292,292,Basic,303.28,Prepaid,0.15
293,293,Premium,978.42,Prepaid,0.0
294,294,Standard,576.47,Postpaid,0.0
295,295,Basic,302.36,Postpaid,0.0
296,296,Premium,1047.15,Prepaid,0.05
297,297,Standard,612.93,Prepaid,0.0
298,298,Basic,370.15,Postpaid,0.0
299,299,Standard,655.66,Prepaid,0.0
300,300,Premium,1073.83,Postpaid,0.0
301,301,Premium,1067.43,Prepaid,0.0
302,302,Basic,377.15,Prepaid,0.1
303,303,Standard,541.34,Prepaid,0.0
304,304,Premium,1031.37,Postpaid,0.15
305,305,Premium,1059.92,Prepaid,0.05
306,306,Basic,368.95,Prepaid,0.1
307,307,Standard,560.46,Postpaid,0.15
308,308,Premium,1031.87,Prepaid,0.0
309,309,Basic,302.76,Prepaid,0.05
310,310,Basic,391.35,Prepaid,0.0
311,311,Standard,529.64,Postpaid,0.0
312,312,Standard,560.54,Postpaid,0.0
313,313,Standard,508.47,Postpaid,0.05
314,314,Basic,306.23,Postpaid,0.1
315,315,Standard,712.19,Postpaid,0.0
316,316,Basic,296.78,Prepaid,0.05
317,317,Premium,1004.05,Postpaid,0.0
318,318,Basic,326.51,Postpaid,0.0
319,319,Basic,293.19,Postpaid,0.0
320,320,Premium,1017.3,Prepaid,0.05
321,321,Standard,618.61,Postpaid,0.0
322,322,Basic,256.72,Postpaid,0.0
323,323,Basic,294.3,Postpaid,0.0
324,324,Standard,636.1,Prepaid,0.05
325,325,Premium,1045.43,Postpaid,0.1
326,326,Basic,363.93,Postpaid,0.0
327,327,Premium,1015.77,Postpaid,0.05
328,328,Basic,316.79,Postpaid,0.05
329,329,Standard,636.51,Postpaid,0.0
330,330,Basic,269.26,Prepaid,0.0
331,331,Basic,267.21,Prepaid,0.15
332,332,Premium,992.76,Prepaid,0.0
333,333,Basic,235.25,Postpaid,0.0
334,334,Premium,1019.35,Prepaid,0.1
335,335,Basic,351.45,Postpaid,0.1
336,336,Basic,263.5,Postpaid,0.05
337,337,Premium,1020.76,Postpaid,0.1
338,338,Standard,567.54,Postpaid,0.0
339,339,Basic,248.17,Postpaid,0.1
340,340,Standard,701.78,Prepaid,0.0
341,341,Basic,248.89,Postpaid,0.1
342,342,Premium,935.03,Postpaid,0.0
343,343,Basic,309.74,Postpaid,0.0
344,344,Standard,612.43,Prepaid,0.0
345,345,Basic,332.36,Prepaid,0.1
346,346,Standard,699.06,Postpaid,0.0
347,347,Premium,960.14,Postpaid,0.1
348,348,Premium,970.08,Postpaid,0.0
349,349,Basic,379.44,Postpaid,0.0
350,350,Basic,345.96,Postpaid,0.05
351,351,Basic,339.0,Postpaid,0.0
352,352,Premium,969.51,Postpaid,0.05
353,353,Basic,355.29,Postpaid,0.15
354,354,Standard,639.16,Prepaid,0.05
355,355,Basic,308.48,Prepaid,0.0
356,356,Premium,969.75,Postpaid,0.0
357,357,Standard,604.33,Prepaid,0.15
358,358,Standard,681.42,Postpaid,0.05
359,359,Premium,944.3,Prepaid,0.1
360,360,Premium,959.01,Postpaid,0.0
361,361,Standard,567.61,Prepaid,0.05
362,362,Standard,578.46,Postpaid,0.0
363,363,Standard,598.21,Postpaid,0.05
364,364,Basic,346.93,Prepaid,0.1
365,365,Basic,322.07,Postpaid,0.15
366,366,Standard,602.04,Postpaid,0.0
367,367,Standard,612.85,Postpaid,0.1
368,368,Basic,330.2,Postpaid,0.0
369,369,Basic,214.91,Postpaid,0.0
370,370,Standard,652.58,Postpaid,0.05
371,371,Basic,257.68,Postpaid,0.0
372,372,Standard,576.82,Postpaid,0.0
373,373,Standard,616.02,Postpaid,0.05
374,374,Basic,295.23,Postpaid,0.05
375,375,Basic,323.35,Postpaid,0.05
376,376,Basic,306.09,Postpaid,0.0
377,377,Basic,284.53,Postpaid,0.05
378,378,Standard,675.44,Prepaid,0.0
379,379,Standard,634.4,Postpaid,0.0
380,380,Premium,1014.11,Postpaid,0.0
381,381,Basic,333.63,Prepaid,0.05
382,382,Standard,563.73,Postpaid,0.0
383,383,Basic,407.74,Postpaid,0.0
384,384,Premium,944.62,Prepaid,0.15
385,385,Basic,304.66,Postpaid,0.1
386,386,Standard,584.68,Prepaid,0.05
387,387,Standard,582.78,Postpaid,0.1
388,388,Basic,276.29,Prepaid,0.15
389,389,Premium,960.41,Postpaid,0.05
390,390,Basic,358.42,Prepaid,0.0
391,391,Basic,238.76,Postpaid,0.05
392,392,Standard,648.18,Postpaid,0.15
393,393,Standard,631.43,Prepaid,0.05
394,394,Basic,279.96,Postpaid,0.0
395,395,Basic,325.63,Postpaid,0.15
396,396,Basic,291.11,Postpaid,0.1
397,397,Premium,943.95,Postpaid,0.0
398,398,Standard,544.48,Postpaid,0.15
399,399,Basic,331.77,Postpaid,0.05
400,400,Basic,329.18,Postpaid,0.1
401,401,Premium,1011.1,Prepaid,0.15
402,402,Premium,979.42,Prepaid,0.0
403,403,Basic,289.48,Prepaid,0.1
404,404,Standard,582.72,Prepaid,0.0
405,405,Basic,211.65,Postpaid,0.1
406,406,Basic,302.06,Prepaid,0.1
407,407,Premium,1025.12,Postpaid,0.1
408,408,Premium,1002.38,Prepaid,0.1
409,409,Basic,387.46,Prepaid,0.1
410,410,Premium,948.77,Postpaid,0.0
411,411,Standard,565.94,Prepaid,0.0
412,412,Standard,605.65,Postpaid,0.0
413,413,Standard,611.19,Postpaid,0.1
414,414,Standard,503.94,Postpaid,0.05
415,415,Premium,1029.13,Postpaid,0.05
416,416,Basic,311.42,Postpaid,0.0
417,417,Standard,493.03,Prepaid,0.05
418,418,Basic,293.16,Postpaid,0.0
419,419,Premium,958.57,Prepaid,0.15
420,420,Basic,276.33,Postpaid,0.1
421,421,Basic,232.09,Postpaid,0.0
422,422,Standard,619.81,Postpaid,0.1
423,423,Basic,387.09,Postpaid,0.0
424,424,Basic,312.25,Postpaid,0.0
425,425,Basic,191.03,Postpaid,0.05
426,426,Standard,613.28,Postpaid,0.05
427,427,Basic,289.27,Prepaid,0.0
428,428,Basic,243.95,Prepaid,0.0
429,429,Standard,616.68,Postpaid,0.0
430,430,Premium,1042.99,Postpaid,0.0
431,431,Standard,565.58,Prepaid,0.0
432,432,Basic,216.81,Postpaid,0.0
433,433,Premium,898.42,Prepaid,0.15
434,434,Premium,965.72,Postpaid,0.0
435,435,Standard,591.22,Prepaid,0.0
436,436,Standard,573.2,Prepaid,0.0
437,437,Basic,264.84,Prepaid,0.0
438,438,Standard,627.39,Prepaid,0.1
439,439,Standard,622.14,Postpaid,0.0
440,440,Basic,308.98,Postpaid,0.0
441,441,Basic,339.82,Prepaid,0.15
442,442,Basic,266.18,Postpaid,0.1
443,443,Standard,544.27,Postpaid,0.0
444,444,Basic,272.88,Postpaid,0.0
445,445,Standard,569.43,Prepaid,0.1
446,446,Premium,896.44,Prepaid,0.05
447,447,Basic,271.72,Postpaid,0.15
448,448,Basic,354.24,Postpaid,0.0
449,449,Basic,339.04,Postpaid,0.1
450,450,Basic,325.26,Postpaid,0.0
451,451,Premium,1005.58,Prepaid,0.0
452,452,Standard,671.44,Prepaid,0.1
453,453,Premium,945.99,Prepaid,0.05
454,454,Premium,950.76,Postpaid,0.0
455,455,Basic,355.21,Prepaid,0.0
456,456,Standard,600.38,Prepaid,0.1
457,457,Basic,265.44,Prepaid,0.0
458,458,Basic,326.6,Prepaid,0.0
459,459,Basic,277.08,Postpaid,0.0
460,460,Basic,257.12,Postpaid,0.0
461,461,Standard,555.73,Postpaid,0.1
462,462,Standard,615.08,Postpaid,0.0
463,463,Basic,309.29,Postpaid,0.0
464,464,Basic,374.84,Postpaid,0.05
465,465,Standard,584.5,Prepaid,0.0
466,466,Standard,583.64,Prepaid,0.05
467,467,Standard,670.98,Postpaid,0.0
468,468,Basic,348.28,Postpaid,0.1
469,469,Basic,306.24,Postpaid,0.1
470,470,Standard,520.95,Prepaid,0.1
471,471,Standard,558.41,Prepaid,0.0
472,472,Basic,246.3,Prepaid,0.1
473,473,Basic,300.82,Postpaid,0.05
474,474,Basic,273.58,Postpaid,0.0
475,475,Standard,679.15,Prepaid,0.0
476,476,Basic,220.43,Prepaid,0.0
477,477,Standard,540.93,Prepaid,0.0
478,478,Premium,1011.23,Prepaid,0.0
479,479,Basic,325.07,Postpaid,0.15
480,480,Basic,169.64,Prepaid,0.15
481,481,Basic,212.23,Postpaid,0.0
482,482,Basic,285.82,Postpaid,0.15
483,483,Premium,1066.8,Postpaid,0.05
484,484,Premium,1093.39,Postpaid,0.0
485,485,Basic,278.28,Postpaid,0.15
486,486,Premium,990.47,Postpaid,0.05
487,487,Basic,257.16,Prepaid,0.05
488,488,Standard,630.66,Prepaid,0.0
489,489,Standard,675.43,Prepaid,0.0
490,490,Basic,361.8,Postpaid,0.15
491,491,Standard,597.55,Postpaid,0.0
492,492,Standard,557.07,Prepaid,0.0
493,493,Basic,299.41,Postpaid,0.0
494,494,Premium,1068.04,Postpaid,0.0
495,495,Basic,278.97,Postpaid,0.0
496,496,Basic,208.23,Postpaid,0.15
497,497,Premium,981.0,Prepaid,0.0
498,498,Basic,285.05,Postpaid,0.1
499,499,Basic,207.94,Prepaid,0.05
500,500,Basic,310.6,Postpaid,0.0
501,501,Basic,324.3,Prepaid,0.0
502,502,Basic,391.99,Prepaid,0.0
503,503,Basic,232.38,Postpaid,0.1
504,504,Standard,635.53,Postpaid,0.1
505,505,Basic,347.34,Prepaid,0.0
506,506,Premium,1024.98,Postpaid,0.15
507,507,Premium,948.66,Prepaid,0.1
508,508,Basic,245.75,Postpaid,0.0
509,509,Premium,1003.86,Prepaid,0.05
510,510,Premium,1003.51,Prepaid,0.1
511,511,Premium,971.03,Postpaid,0.1
512,512,Standard,663.58,Postpaid,0.0
513,513,Basic,278.96,Postpaid,0.0
514,514,Basic,204.31,Postpaid,0.0
515,515,Premium,987.8,Postpaid,0.0
516,516,Standard,623.01,Postpaid,0.0
517,517,Premium,1016.1,Prepaid,0.05
518,518,Standard,615.71,Postpaid,0.0
519,519,Basic,373.7,Postpaid,0.0
520,520,Basic,243.26,Postpaid,0.05
521,521,Premium,977.81,Postpaid,0.0
522,522,Basic,376.25,Postpaid,0.0
523,523,Standard,500.63,Postpaid,0.1
524,524,Premium,996.32,Prepaid,0.1
525,525,Basic,360.45,Postpaid,0.0
526,526,Basic,359.7,Postpaid,0.1
527,527,Standard,632.01,Postpaid,0.1
528,528,Premium,1033.27,Postpaid,0.05
529,529,Standard,546.95,Prepaid,0.15
530,530,Basic,367.66,Postpaid,0.0
531,531,Basic,239.0,Postpaid,0.0
532,532,Basic,241.98,Prepaid,0.1
533,533,Basic,318.39,Prepaid,0.0
534,534,Basic,274.35,Postpaid,0.0
535,535,Premium,1009.33,Prepaid,0.0
536,536,Basic,320.54,Postpaid,0.0
537,537,Premium,1087.91,Prepaid,0.0
538,538,Premium,1020.69,Prepaid,0.0
539,539,Standard,568.07,Prepaid,0.15
540,540,Standard,632.82,Postpaid,0.0
541,541,Basic,257.41,Postpaid,0.1
542,542,Standard,644.66,Postpaid,0.0
543,543,Basic,302.23,Postpaid,0.0
544,544,Basic,319.03,Postpaid,0.15
545,545,Standard,509.97,Prepaid,0.0
546,546,Basic,186.46,Prepaid,0.0
547,547,Basic,223.93,Postpaid,0.1
548,548,Standard,686.29,Prepaid,0.0
549,549,Basic,241.59,Postpaid,0.0
550,550,Basic,335.62,Postpaid,0.15
551,551,Basic,266.9,Postpaid,0.0
552,552,Basic,287.0,Postpaid,0.05
553,553,Standard,596.76,Postpaid,0.0
554,554,Standard,681.19,Postpaid,0.0
555,555,Basic,328.23,Postpaid,0.0
556,556,Standard,618.25,Postpaid,0.05
557,557,Premium,1063.83,Postpaid,0.0
558,558,Standard,567.34,Prepaid,0.1
559,559,Standard,652.42,Postpaid,0.1
560,560,Standard,644.07,Postpaid,0.05
561,561,Premium,1043.49,Postpaid,0.0
562,562,Premium,991.25,Prepaid,0.05
563,563,Basic,277.13,Postpaid,0.05
564,564,Basic,255.51,Postpaid,0.0
565,565,Basic,258.64,Postpaid,0.1
566,566,Standard,553.15,Prepaid,0.0
567,567,Basic,317.34,Postpaid,0.15
568,568,Premium,987.58,Postpaid,0.15
569,569,Basic,320.57,Postpaid,0.0
570,570,Standard,623.39,Prepaid,0.0
571,571,Basic,246.01,Prepaid,0.0
572,572,Basic,244.51,Prepaid,0.0
573,573,Basic,287.57,Prepaid,0.1
574,574,Standard,560.24,Postpaid,0.0
575,575,Basic,254.98,Postpaid,0.05
576,576,Basic,383.78,Postpaid,0.15
577,577,Standard,522.33,Postpaid,0.15
578,578,Premium,1100.15,Postpaid,0.0
579,579,Standard,613.44,Prepaid,0.15
580,580,Standard,648.31,Postpaid,0.0
581,581,Basic,342.42,Postpaid,0.0
582,582,Premium,1029.85,Postpaid,0.0
583,583,Basic,382.09,Postpaid,0.05
584,584,Premium,944.88,Postpaid,0.0
585,585,Premium,991.18,Postpaid,0.0
586,586,Basic,256.36,Postpaid,0.0
587,587,Basic,214.2,Postpaid,0.15
588,588,Standard,565.94,Postpaid,0.05
589,589,Standard,692.63,Prepaid,0.05
590,590,Standard,590.33,Postpaid,0.05
591,591,Premium,1098.18,Postpaid,0.0
592,592,Standard,703.29,Postpaid,0.0
593,593,Basic,448.76,Prepaid,0.0
594,594,Standard,694.27,Postpaid,0.0
595,595,Basic,416.91,Postpaid,0.15
596,596,Standard,615.26,Prepaid,0.0
597,597,Premium,1010.42,Postpaid,0.05
598,598,Basic,313.74,Postpaid,0.1
599,599,Premium,999.0,Prepaid,0.15
600,600,Premium,1006.48,Prepaid,0.0
601,601,Basic,336.61,Postpaid,0.15
602,602,Premium,975.71,Postpaid,0.05
603,603,Standard,530.12,Postpaid,0.0
604,604,Basic,317.18,Postpaid,0.1
605,605,Basic,264.36,Postpaid,0.0
606,606,Basic,269.54,Postpaid,0.1
607,607,Standard,591.86,Prepaid,0.05
608,608,Basic,280.39,Postpaid,0.1
609,609,Basic,354.5,Postpaid,0.1
610,610,Premium,990.66,Prepaid,0.05
611,611,Standard,657.02,Postpaid,0.0
612,612,Standard,609.3,Prepaid,0.0
613,613,Premium,994.57,Postpaid,0.1
614,614,Basic,306.91,Postpaid,0.05
615,615,Basic,234.42,Prepaid,0.1
616,616,Standard,615.9,Postpaid,0.0
617,617,Basic,341.46,Postpaid,0.0
618,618,Basic,348.54,Postpaid,0.1
619,619,Standard,531.39,Postpaid,0.1
620,620,Basic,223.05,Prepaid,0.0
621,621,Standard,572.16,Prepaid,0.0
622,622,Standard,668.23,Prepaid,0.1
623,623,Standard,610.05,Prepaid,0.1
624,624,Basic,260.27,Prepaid,0.0
625,625,Basic,226.35,Postpaid,0.0
626,626,Premium,964.8,Prepaid,0.0
627,627,Premium,961.42,Postpaid,0.0
628,628,Basic,345.78,Prepaid,0.0
629,629,Basic,349.63,Prepaid,0.0
630,630,Standard,546.5,Postpaid,0.1
631,631,Basic,336.66,Postpaid,0.0
632,632,Basic,331.54,Postpaid,0.1
633,633,Basic,240.02,Prepaid,0.0
634,634,Basic,294.81,Postpaid,0.0
635,635,Basic,316.04,Prepaid,0.0
636,636,Basic,307.16,Postpaid,0.0
637,637,Premium,913.47,Postpaid,0.05
638,638,Basic,305.56,Prepaid,0.15
639,639,Basic,330.81,Postpaid,0.1
640,640,Basic,377.98,Postpaid,0.1
641,641,Premium,965.56,Prepaid,0.1
642,642,Basic,271.73,Prepaid,0.1
643,643,Basic,288.56,Postpaid,0.05
644,644,Standard,613.56,Postpaid,0.05
645,645,Standard,603.85,Prepaid,0.0
646,646,Premium,1029.22,Prepaid,0.0
647,647,Basic,242.74,Postpaid,0.05
648,648,Basic,318.84,Prepaid,0.05
649,649,Basic,261.89,Postpaid,0.0
650,650,Standard,591.83,Postpaid,0.15
651,651,Basic,384.4,Prepaid,0.0
652,652,Basic,229.09,Prepaid,0.05
653,653,Basic,285.03,Postpaid,0.15
654,654,Premium,935.27,Postpaid,0.0
655,655,Basic,306.65,Prepaid,0.15
656,656,Basic,351.41,Prepaid,0.1
657,657,Premium,1007.48,Postpaid,0.05
658,658,Standard,593.16,Postpaid,0.15
659,659,Standard,665.42,Postpaid,0.05
660,660,Standard,615.53,Prepaid,0.0
661,661,Basic,339.98,Postpaid,0.05
662,662,Premium,1034.76,Postpaid,0.0
663,663,Basic,155.19,Prepaid,0.0
664,664,Premium,995.17,Postpaid,0.0
665,665,Basic,245.1,Postpaid,0.0
666,666,Standard,557.53,Prepaid,0.1
667,667,Standard,672.73,Postpaid,0.15
668,668,Basic,280.26,Postpaid,0.15
669,669,Basic,393.63,Postpaid,0.0
670,670,Standard,528.62,Prepaid,0.05
671,671,Basic,244.82,Postpaid,0.05
672,672,Premium,1037.12,Postpaid,0.0
673,673,Basic,281.93,Postpaid,0.05
674,674,Standard,614.37,Prepaid,0.0
675,675,Standard,593.38,Prepaid,0.15
676,676,Basic,291.87,Postpaid,0.0
677,677,Standard,583.79,Postpaid,0.1
678,678,Standard,607.97,Prepaid,0.1
679,679,Standard,631.08,Postpaid,0.05
680,680,Standard,679.72,Prepaid,0.0
681,681,Standard,588.87,Postpaid,0.0
682,682,Basic,279.32,Postpaid,0.15
683,683,Basic,272.88,Prepaid,0.0
684,684,Basic,372.49,Postpaid,0.0
685,685,Standard,633.52,Postpaid,0.15
686,686,Premium,904.05,Postpaid,0.1
687,687,Basic,201.84,Postpaid,0.05
688,688,Standard,557.5,Postpaid,0.0
689,689,Basic,310.51,Postpaid,0.0
690,690,Standard,597.33,Prepaid,0.1
691,691,Standard,624.74,Postpaid,0.0
692,692,Standard,590.23,Prepaid,0.0
693,693,Standard,668.87,Prepaid,0.0
694,694,Standard,637.61,Postpaid,0.05
695,695,Basic,302.88,Postpaid,0.0
696,696,Standard,656.27,Prepaid,0.1
697,697,Basic,216.55,Prepaid,0.0
698,698,Premium,994.75,Prepaid,0.0
699,699,Standard,605.88,Prepaid,0.15
700,700,Basic,329.1,Postpaid,0.15
701,701,Basic,213.24,Postpaid,0.05
702,702,Basic,285.98,Prepaid,0.15
703,703,Premium,1019.02,Postpaid,0.0
704,704,Basic,322.86,Prepaid,0.0
705,705,Standard,658.31,Postpaid,0.0
706,706,Basic,337.08,Postpaid,0.0
707,707,Standard,595.96,Postpaid,0.1
708,708,Standard,632.75,Prepaid,0.1
709,709,Basic,288.93,Postpaid,0.0
710,710,Standard,606.34,Postpaid,0.0
711,711,Basic,338.74,Postpaid,0.15
712,712,Premium,996.73,Prepaid,0.05
713,713,Basic,317.1,Postpaid,0.0
714,714,Standard,647.07,Postpaid,0.0
715,715,Basic,334.61,Postpaid,0.0
716,716,Standard,660.67,Postpaid,0.0
717,717,Basic,415.42,Postpaid,0.0
718,718,Standard,634.15,Postpaid,0.0
719,719,Basic,275.94,Prepaid,0.0
720,720,Basic,324.59,Prepaid,0.0
721,721,Premium,1022.44,Postpaid,0.0
722,722,Basic,329.68,Prepaid,0.0
723,723,Basic,373.75,Postpaid,0.0
724,724,Standard,514.79,Postpaid,0.1
725,725,Basic,374.69,Postpaid,0.1
726,726,Premium,1091.52,Prepaid,0.0
727,727,Basic,327.4,Postpaid,0.0
728,728,Premium,1028.61,Postpaid,0.05
729,729,Premium,986.92,Postpaid,0.0
730,730,Basic,299.32,Postpaid,0.05
731,731,Basic,333.9,Prepaid,0.15
732,732,Standard,630.68,Postpaid,0.0
733,733,Standard,635.04,Prepaid,0.0
734,734,Basic,330.33,Postpaid,0.0
735,735,Basic,343.92,Prepaid,0.05
736,736,Basic,338.33,Prepaid,0.0
737,737,Standard,547.78,Prepaid,0.05
738,738,Standard,640.61,Prepaid,0.0
739,739,Basic,391.93,Postpaid,0.05
740,740,Standard,597.67,Postpaid,0.05
741,741,Standard,673.97,Prepaid,0.0
742,742,Premium,953.14,Prepaid,0.15
743,743,Basic,297.51,Postpaid,0.1
744,744,Basic,266.94,Prepaid,0.0
745,745,Basic,367.96,Postpaid,0.15
746,746,Standard,681.02,Prepaid,0.1
747,747,Basic,294.04,Postpaid,0.0
748,748,Basic,357.55,Postpaid,0.05
749,749,Standard,681.53,Prepaid,0.05
750,750,Standard,597.35,Postpaid,0.05
751,751,Basic,305.49,Postpaid,0.15
752,752,Basic,335.68,Postpaid,0.0
753,753,Basic,256.87,Postpaid,0.0
754,754,Basic,304.5,Postpaid,0.0
755,755,Basic,406.14,Postpaid,0.1
756,756,Basic,274.0,Postpaid,0.0
757,757,Basic,341.69,Prepaid,0.0
758,758,Premium,1025.19,Postpaid,0.0
759,759,Premium,990.81,Postpaid,0.05
760,760,Basic,310.08,Prepaid,0.0
761,761,Standard,686.63,Prepaid,0.0
762,762,Basic,326.68,Prepaid,0.0
763,763,Premium,1034.49,Postpaid,0.0
764,764,Premium,1079.04,Prepaid,0.0
765,765,Standard,584.53,Prepaid,0.0
766,766,Standard,546.65,Prepaid,0.05
767,767,Basic,387.42,Postpaid,0.0
768,768,Basic,305.83,Prepaid,0.0
769,769,Basic,343.68,Prepaid,0.05
770,770,Basic,260.88,Prepaid,0.0
771,771,Standard,618.43,Postpaid,0.0
772,772,Basic,244.15,Prepaid,0.0
773,773,Basic,302.19,Postpaid,0.0
774,774,Standard,566.6,Prepaid,0.0
775,775,Standard,555.12,Prepaid,0.15
776,776,Standard,583.84,Postpaid,0.0
777,777,Standard,484.33,Postpaid,0.05
778,778,Premium,941.0,Postpaid,0.15
779,779,Basic,338.12,Prepaid,0.0
780,780,Standard,616.38,Postpaid,0.1
781,781,Basic,245.29,Postpaid,0.0
782,782,Basic,326.39,Postpaid,0.05
783,783,Premium,955.09,Postpaid,0.15
784,784,Basic,335.1,Postpaid,0.0
785,785,Basic,293.22,Postpaid,0.15
786,786,Basic,282.74,Prepaid,0.0
787,787,Premium,994.45,Postpaid,0.05
788,788,Premium,1126.98,Postpaid,0.0
789,789,Basic,261.06,Postpaid,0.0
790,790,Standard,610.33,Prepaid,0.0
791,791,Basic,338.07,Prepaid,0.15
792,792,Standard,550.88,Prepaid,0.05
793,793,Basic,219.29,Postpaid,0.1
794,794,Basic,268.95,Postpaid,0.0
795,795,Standard,636.97,Prepaid,0.0
796,796,Premium,981.9,Prepaid,0.0
797,797,Basic,287.44,Prepaid,0.0
798,798,Basic,344.54,Postpaid,0.0
799,799,Premium,958.68,Postpaid,0.15
800,800,Basic,294.56,Prepaid,0.1
801,801,Basic,223.31,Postpaid,0.0
802,802,Standard,615.04,Postpaid,0.0
803,803,Basic,310.48,Postpaid,0.05
804,804,Basic,338.78,Postpaid,0.05
805,805,Basic,241.74,Prepaid,0.05
806,806,Basic,289.41,Prepaid,0.0
807,807,Standard,535.08,Prepaid,0.0
808,808,Premium,986.69,Postpaid,0.0
809,809,Basic,373.09,Postpaid,0.15
810,810,Standard,582.96,Prepaid,0.05
811,811,Basic,230.7,Postpaid,0.15
812,812,Basic,265.01,Postpaid,0.0
813,813,Standard,518.45,Postpaid,0.0
814,814,Basic,234.21,Postpaid,0.0
815,815,Standard,632.55,Prepaid,0.15
816,816,Basic,226.69,Postpaid,0.0
817,817,Standard,614.62,Postpaid,0.05
818,818,Premium,1000.29,Postpaid,0.0
819,819,Basic,272.42,Postpaid,0.0
820,820,Premium,1010.37,Prepaid,0.0
821,821,Basic,252.12,Postpaid,0.0
822,822,Basic,341.04,Prepaid,0.1
823,823,Basic,264.08,Postpaid,0.15
824,824,Premium,979.68,Prepaid,0.05
825,825,Standard,573.73,Prepaid,0.0
826,826,Premium,1033.47,Prepaid,0.1
827,827,Standard,626.22,Postpaid,0.0
828,828,Basic,167.91,Postpaid,0.1
829,829,Premium,1011.71,Prepaid,0.1
830,830,Premium,911.77,Postpaid,0.0
831,831,Standard,581.93,Prepaid,0.0
832,832,Standard,593.59,Postpaid,0.0
833,833,Premium,981.4,Prepaid,0.0
834,834,Basic,324.04,Postpaid,0.15
835,835,Premium,1035.0,Postpaid,0.05
836,836,Premium,960.33,Postpaid,0.0
837,837,Standard,558.51,Postpaid,0.0
838,838,Basic,297.2,Postpaid,0.1
839,839,Basic,221.81,Prepaid,0.0
840,840,Premium,975.15,Prepaid,0.0
841,841,Premium,1066.4,Prepaid,0.05
842,842,Standard,523.68,Postpaid,0.0
843,843,Premium,981.99,Postpaid,0.0
844,844,Standard,569.38,Postpaid,0.0
845,845,Premium,1099.26,Postpaid,0.0
846,846,Basic,272.11,Prepaid,0.15
847,847,Basic,275.01,Prepaid,0.1
848,848,Standard,547.46,Postpaid,0.15
849,849,Basic,299.47,Prepaid,0.15
850,850,Basic,312.51,Postpaid,0.0
851,851,Standard,554.71,Prepaid,0.0
852,852,Basic,348.44,Prepaid,0.05
853,853,Standard,612.55,Prepaid,0.0
854,854,Basic,341.59,Postpaid,0.15
855,855,Premium,982.59,Prepaid,0.0
856,856,Basic,311.16,Postpaid,0.0
857,857,Standard,588.35,Prepaid,0.05
858,858,Standard,671.88,Postpaid,0.15
859,859,Basic,304.81,Postpaid,0.05
860,860,Basic,299.44,Postpaid,0.05
861,861,Basic,276.09,Prepaid,0.0
862,862,Basic,273.2,Prepaid,0.05
863,863,Basic,310.89,Postpaid,0.05
864,864,Basic,339.98,Postpaid,0.0
865,865,Standard,564.77,Prepaid,0.1
866,866,Basic,305.33,Postpaid,0.0
867,867,Basic,308.21,Prepaid,0.0
868,868,Basic,316.92,Postpaid,0.15
869,869,Basic,213.63,Postpaid,0.0
870,870,Standard,552.76,Prepaid,0.05
871,871,Standard,530.71,Postpaid,0.0
872,872,Standard,600.64,Postpaid,0.15
873,873,Basic,253.95,Postpaid,0.0
874,874,Basic,274.19,Postpaid,0.0
875,875,Basic,239.29,Postpaid,0.1
876,876,Standard,578.84,Postpaid,0.05
877,877,Basic,242.79,Prepaid,0.0
878,878,Premium,1036.9,Postpaid,0.0
879,879,Standard,622.96,Prepaid,0.0
880,880,Standard,606.51,Prepaid,0.15
881,881,Standard,583.9,Postpaid,0.05
882,882,Premium,897.12,Prepaid,0.15
883,883,Basic,276.09,Postpaid,0.15
884,884,Basic,260.93,Postpaid,0.0
885,885,Premium,1011.36,Prepaid,0.05
886,886,Standard,629.99,Prepaid,0.05
887,887,Basic,315.23,Postpaid,0.1
888,888,Basic,362.15,Postpaid,0.05
889,889,Basic,270.58,Postpaid,0.0
890,890,Premium,968.51,Prepaid,0.15
891,891,Basic,350.89,Postpaid,0.05
892,892,Basic,307.31,Prepaid,0.1
893,893,Basic,286.65,Prepaid,0.0
894,894,Premium,1091.33,Postpaid,0.0
895,895,Standard,627.89,Prepaid,0.05
896,896,Basic,289.47,Prepaid,0.1
897,897,Premium,964.7,Prepaid,0.0
898,898,Basic,365.33,Postpaid,0.0
899,899,Standard,609.35,Postpaid,0.1
900,900,Standard,600.23,Postpaid,0.15
901,901,Basic,332.81,Prepaid,0.0
902,902,Standard,643.0,Postpaid,0.0
903,903,Premium,1026.49,Postpaid,0.0
904,904,Basic,343.2,Prepaid,0.0
905,905,Basic,321.57,Prepaid,0.0
906,906,Premium,1026.74,Prepaid,0.0
907,907,Basic,262.42,Postpaid,0.05
908,908,Standard,689.52,Postpaid,0.0
909,909,Basic,237.32,Prepaid,0.0
910,910,Premium,1014.47,Prepaid,0.15
911,911,Standard,532.16,Postpaid,0.0
912,912,Premium,994.09,Postpaid,0.1
913,913,Basic,270.44,Prepaid,0.0
914,914,Premium,1005.79,Prepaid,0.1
915,915,Standard,616.09,Postpaid,0.1
916,916,Standard,551.18,Postpaid,0.0
917,917,Standard,597.53,Postpaid,0.05
918,918,Basic,368.68,Postpaid,0.05
919,919,Standard,533.39,Postpaid,0.0
920,920,Basic,256.3,Prepaid,0.1
921,921,Basic,342.04,Prepaid,0.0
922,922,Standard,602.88,Prepaid,0.0
923,923,Basic,306.56,Postpaid,0.15
924,924,Standard,650.12,Prepaid,0.0
925,925,Basic,259.3,Prepaid,0.0
926,926,Basic,273.03,Prepaid,0.0
927,927,Standard,566.87,Postpaid,0.15
928,928,Basic,281.59,Postpaid,0.0
929,929,Premium,1065.98,Prepaid,0.0
930,930,Premium,913.95,Prepaid,0.05
931,931,Basic,239.29,Postpaid,0.1
932,932,Basic,230.72,Prepaid,0.0
933,933,Basic,369.08,Postpaid,0.15
934,934,Standard,568.28,Prepaid,0.0
935,935,Basic,282.67,Postpaid,0.05
936,936,Premium,918.27,Postpaid,0.05
937,937,Premium,985.88,Postpaid,0.0
938,938,Basic,342.33,Prepaid,0.1
939,939,Standard,611.65,Prepaid,0.05
940,940,Basic,293.61,Postpaid,0.0
941,941,Standard,520.76,Postpaid,0.0
942,942,Basic,282.6,Postpaid,0.0
943,943,Standard,606.35,Postpaid,0.1
944,944,Basic,249.41,Postpaid,0.0
945,945,Premium,1031.74,Postpaid,0.15
946,946,Basic,343.25,Postpaid,0.0
947,947,Standard,572.57,Postpaid,0.15
948,948,Premium,1035.29,Prepaid,0.1
949,949,Standard,593.51,Prepaid,0.0
950,950,Standard,656.36,Postpaid,0.0
951,951,Basic,400.71,Prepaid,0.1
952,952,Basic,244.32,Prepaid,0.0
953,953,Basic,337.47,Prepaid,0.0
954,954,Premium,1064.25,Postpaid,0.1
955,955,Basic,250.47,Postpaid,0.15
956,956,Basic,270.24,Prepaid,0.1
957,957,Standard,569.68,Prepaid,0.1
958,958,Basic,292.36,Prepaid,0.05
959,959,Premium,981.18,Prepaid,0.1
960,960,Basic,289.09,Prepaid,0.0
961,961,Basic,340.9,Prepaid,0.1
962,962,Standard,504.21,Postpaid,0.05
963,963,Standard,550.31,Postpaid,0.05
964,964,Premium,1032.5,Prepaid,0.15
965,965,Basic,326.64,Prepaid,0.0
966,966,Basic,246.07,Prepaid,0.05
967,967,Basic,326.99,Prepaid,0.0
968,968,Basic,365.34,Prepaid,0.0
969,969,Standard,596.55,Postpaid,0.0
970,970,Basic,248.6,Postpaid,0.15
971,971,Standard,642.75,Postpaid,0.0
972,972,Premium,1085.15,Prepaid,0.05
973,973,Basic,254.69,Postpaid,0.05
974,974,Standard,600.96,Postpaid,0.1
975,975,Basic,353.51,Prepaid,0.1
976,976,Premium,1004.77,Postpaid,0.0
977,977,Basic,211.64,Prepaid,0.0
978,978,Standard,621.17,Postpaid,0.05
979,979,Basic,250.06,Prepaid,0.0
980,980,Basic,235.46,Postpaid,0.0
981,981,Basic,212.61,Prepaid,0.0
982,982,Basic,358.52,Postpaid,0.0
983,983,Premium,957.26,Postpaid,0.15
984,984,Basic,315.67,Postpaid,0.15
985,985,Premium,1027.95,Postpaid,0.05
986,986,Basic,307.09,Prepaid,0.0
987,987,Basic,313.83,Postpaid,0.15
988,988,Basic,318.05,Prepaid,0.05
989,989,Basic,305.9,Postpaid,0.15
990,990,Premium,960.99,Prepaid,0.0
991,991,Basic,256.53,Postpaid,0.0
992,992,Premium,993.75,Prepaid,0.05
993,993,Basic,292.69,Postpaid,0.15
994,994,Basic,320.47,Postpaid,0.0
995,995,Basic,354.08,Prepaid,0.0
996,996,Standard,616.2,Postpaid,0.05
997,997,Standard,558.46,Prepaid,0.15
998,998,Premium,889.94,Prepaid,0.1
999,999,Basic,260.55,Prepaid,0.15
1000,1000,Basic,231.78,Postpaid,0.05
